objectid,title,creator,date,description,subject,location,latitude,longitude,source,type,format,language,rights,rightsstatement,display_template,identifier,object_location,image_small,image_thumb,image_alt_text,object_transcript
aktws0001,Reviews and recommendation supporting listing of the Cook Inlet population of Beluga whale,"Post, Roger A.",2000-02-15,"A detailed review and recommendation by the Alaska Chapter of The Wildlife Society supporting the listing of the Cook Inlet population of beluga whales as endangered under the Alaska Endangered Species Act, citing genetic isolation, population decline, and threats from overharvesting and environmental factors.",correspondence; Alaska Department of Fish and Game,,,,Alaska Chapter of the Wildlife Society Collection,Text,application/pdf,eng,"In copyright, educational use permitted. Educational use includes non-commercial reproduction of text and images in materials for teaching and research purposes. For other contexts beyond fair use, including digital reproduction, please contact the Alaska Chapter of The Wildlife Society at twsalaska@gmail.com. The Alaska Chapter of The Wildlife Society is not liable for any violations of the law by users.",http://rightsstatements.org/vocab/InC-NC/1.0/,,ak_tws_2000_correspondence_adfg_beluga,/objects/ak_tws_2000_correspondence_adfg_beluga.pdf,/objects/small/ak_tws_2000_correspondence_adfg_beluga_sm.jpg,/objects/thumbs/ak_tws_2000_correspondence_adfg_beluga_th.jpg,historical correspondence,
aktws0002,(DSEIS) Roadless Area Evaluation,"Larsen, Doug N.",2002-08-22,"A set of comments from the Alaska Chapter of the Wildlife Society regarding the Draft Supplemental Environmental Impact Statement on Roadless Area Evaluation for Wilderness Recommendations in the Tongass Land Management Plan Revision, highlighting concerns about ecological assessments and the need for better conservation measures.",correspondence; U.S. Fish and Wildlife Service,,,,Alaska Chapter of the Wildlife Society Collection,Text,application/pdf,eng,"In copyright, educational use permitted. Educational use includes non-commercial reproduction of text and images in materials for teaching and research purposes. For other contexts beyond fair use, including digital reproduction, please contact the Alaska Chapter of The Wildlife Society at twsalaska@gmail.com. The Alaska Chapter of The Wildlife Society is not liable for any violations of the law by users.",http://rightsstatements.org/vocab/InC-NC/1.0/,,ak_tws_2002_correspondence_usfs_tongass_roadless,/objects/ak_tws_2002_correspondence_usfs_tongass_roadless.pdf,/objects/small/ak_tws_2002_correspondence_usfs_tongass_roadless_sm.jpg,/objects/thumbs/ak_tws_2002_correspondence_usfs_tongass_roadless_th.jpg,historical correspondence,
aktws0003,Scoping comments: Northeast Integrated Activity Plan/Environmental Impact Statement (IAP/EIS) Nation,"Larsen, Doug N.",2003-10-30,A scoping comment letter from the Alaska Chapter of the Wildlife Society to the Bureau of Land Management regarding the proposed amendments to the Northeast National Petroleum Reserve-Alaska Plan and its potential impacts on wildlife habitats.,correspondence; Bureau of Land Management,,,,Alaska Chapter of the Wildlife Society Collection,Text,application/pdf,eng,"In copyright, educational use permitted. Educational use includes non-commercial reproduction of text and images in materials for teaching and research purposes. For other contexts beyond fair use, including digital reproduction, please contact the Alaska Chapter of The Wildlife Society at twsalaska@gmail.com. The Alaska Chapter of The Wildlife Society is not liable for any violations of the law by users.",http://rightsstatements.org/vocab/InC-NC/1.0/,,ak_tws_2003_correspondence_blm_ne_npra,/objects/ak_tws_2003_correspondence_blm_ne_npra.pdf,/objects/small/ak_tws_2003_correspondence_blm_ne_npra_sm.jpg,/objects/thumbs/ak_tws_2003_correspondence_blm_ne_npra_th.jpg,historical correspondence,
aktws0004,Exempting the Tongass and Chugach National Forests from the Roadless Areas Conservation Rule,"Larsen, Doug N.",2003-08-08,"A letter from the Alaska Chapter of the Wildlife Society to the USFS opposing the exemption of the Tongass and Chugach National Forests from the Roadless Areas Conservation Rule, citing concerns for wildlife habitat and the need for public involvement in decision-making.",correspondence; USDA Forest Service,,,,Alaska Chapter of the Wildlife Society Collection,Text,application/pdf,eng,"In copyright, educational use permitted. Educational use includes non-commercial reproduction of text and images in materials for teaching and research purposes. For other contexts beyond fair use, including digital reproduction, please contact the Alaska Chapter of The Wildlife Society at twsalaska@gmail.com. The Alaska Chapter of The Wildlife Society is not liable for any violations of the law by users.",http://rightsstatements.org/vocab/InC-NC/1.0/,,ak_tws_2003_correspondence_usfs_tongass_roadless,/objects/ak_tws_2003_correspondence_usfs_tongass_roadless.pdf,/objects/small/ak_tws_2003_correspondence_usfs_tongass_roadless_sm.jpg,/objects/thumbs/ak_tws_2003_correspondence_usfs_tongass_roadless_th.jpg,historical correspondence,
aktws0005,Wildlife Needs In Forest Management,"Taylor, Eric J.",2005-03-11,"A letter from the Alaska Chapter of the Wildlife Society to National TWS expressing concerns and recommendations regarding a draft position statement on wildlife needs in forest management, particularly emphasizing the importance of old-growth forest conservation.",correspondence; National TWS,,,,Alaska Chapter of the Wildlife Society Collection,Text,application/pdf,eng,"In copyright, educational use permitted. Educational use includes non-commercial reproduction of text and images in materials for teaching and research purposes. For other contexts beyond fair use, including digital reproduction, please contact the Alaska Chapter of The Wildlife Society at twsalaska@gmail.com. The Alaska Chapter of The Wildlife Society is not liable for any violations of the law by users.",http://rightsstatements.org/vocab/InC-NC/1.0/,,ak_tws_2005_correspondence_tws_forest_management,/objects/ak_tws_2005_correspondence_tws_forest_management.pdf,/objects/small/ak_tws_2005_correspondence_tws_forest_management_sm.jpg,/objects/thumbs/ak_tws_2005_correspondence_tws_forest_management_th.jpg,historical correspondence,
aktws0006,Letter to U.S. Army Corps of Engineers concerning Colville River development,"Taylor, Eric J.",2005-12-24,"A letter from the Alaska Chapter of The Wildlife Society expressing concerns to the U.S. Army Corps of Engineers about the potential environmental impacts of ConocoPhillips Alaska, Inc.'s proposed development in the Colville River Delta.",correspondence; U.S. Army Corps of Engineers,,,,Alaska Chapter of the Wildlife Society Collection,Text,application/pdf,eng,"In copyright, educational use permitted. Educational use includes non-commercial reproduction of text and images in materials for teaching and research purposes. For other contexts beyond fair use, including digital reproduction, please contact the Alaska Chapter of The Wildlife Society at twsalaska@gmail.com. The Alaska Chapter of The Wildlife Society is not liable for any violations of the law by users.",http://rightsstatements.org/vocab/InC-NC/1.0/,,ak_tws_2005_correspondence_usace_colville,/objects/ak_tws_2005_correspondence_usace_colville.pdf,/objects/small/ak_tws_2005_correspondence_usace_colville_sm.jpg,/objects/thumbs/ak_tws_2005_correspondence_usace_colville_th.jpg,historical correspondence,
aktws0007,Alaska Legislature Introduction,"Taylor, Eric J.",2006-01-15,"A letter from Eric J. Taylor, President of the Wildlife Society Alaska Chapter, introducing the organization and its expertise in wildlife conservation management in Alaska to a state senator.",correspondence; Alaska Legislature,,,,Alaska Chapter of the Wildlife Society Collection,Text,application/pdf,eng,"In copyright, educational use permitted. Educational use includes non-commercial reproduction of text and images in materials for teaching and research purposes. For other contexts beyond fair use, including digital reproduction, please contact the Alaska Chapter of The Wildlife Society at twsalaska@gmail.com. The Alaska Chapter of The Wildlife Society is not liable for any violations of the law by users.",http://rightsstatements.org/vocab/InC-NC/1.0/,,ak_tws_2006_correspondence_ak_leg_aktws_intro,/objects/ak_tws_2006_correspondence_ak_leg_aktws_intro.pdf,/objects/small/ak_tws_2006_correspondence_ak_leg_aktws_intro_sm.jpg,/objects/thumbs/ak_tws_2006_correspondence_ak_leg_aktws_intro_th.jpg,historical correspondence,
aktws0008,Opposition to Senate Bill 85 on Off-Road Vehicle Use on Dalton Highway,"Taylor, Eric J.",2006-02-24,"A letter from the Alaska Chapter of the Wildlife Society opposing Senate Bill 85, which seeks to repeal protections against off-road vehicle use near the Dalton Highway, citing concerns for wildlife habitat and management.",correspondence; Alaska Legislature,,,,Alaska Chapter of the Wildlife Society Collection,Text,application/pdf,eng,"In copyright, educational use permitted. Educational use includes non-commercial reproduction of text and images in materials for teaching and research purposes. For other contexts beyond fair use, including digital reproduction, please contact the Alaska Chapter of The Wildlife Society at twsalaska@gmail.com. The Alaska Chapter of The Wildlife Society is not liable for any violations of the law by users.",http://rightsstatements.org/vocab/InC-NC/1.0/,,ak_tws_2006_correspondence_ak_leg_dalton_hwy_ohv,/objects/ak_tws_2006_correspondence_ak_leg_dalton_hwy_ohv.pdf,/objects/small/ak_tws_2006_correspondence_ak_leg_dalton_hwy_ohv_sm.jpg,/objects/thumbs/ak_tws_2006_correspondence_ak_leg_dalton_hwy_ohv_th.jpg,historical correspondence,
aktws0009,Restore Funding for State Wildlife Grants,"Paragi, Thomas F.",2006-06-13,"A letter from the Alaska Chapter of the Wildlife Society urging Senator Lisa Murkowski to restore funding for the State Wildlife Grants Program, which is critical for wildlife conservation in Alaska.",correspondence; U.S. Congress,,,,Alaska Chapter of the Wildlife Society Collection,Text,application/pdf,eng,"In copyright, educational use permitted. Educational use includes non-commercial reproduction of text and images in materials for teaching and research purposes. For other contexts beyond fair use, including digital reproduction, please contact the Alaska Chapter of The Wildlife Society at twsalaska@gmail.com. The Alaska Chapter of The Wildlife Society is not liable for any violations of the law by users.",http://rightsstatements.org/vocab/InC-NC/1.0/,,ak_tws_2006_correspondence_murkowski_swg,/objects/ak_tws_2006_correspondence_murkowski_swg.pdf,/objects/small/ak_tws_2006_correspondence_murkowski_swg_sm.jpg,/objects/thumbs/ak_tws_2006_correspondence_murkowski_swg_th.jpg,historical correspondence,
aktws0010,Scoping comments on Master Plan for the Tanana Lakes Recreation Area,"Paragi, Thomas F.",2007-01-10,"A scoping comment letter from the Alaska Chapter of the Wildlife Society addressing the Master Plan for the Tanana Lakes Recreation Area, emphasizing wildlife conservation and management recommendations.",correspondence; Fairbanks North Star Borough,,,,Alaska Chapter of the Wildlife Society Collection,Text,application/pdf,eng,"In copyright, educational use permitted. Educational use includes non-commercial reproduction of text and images in materials for teaching and research purposes. For other contexts beyond fair use, including digital reproduction, please contact the Alaska Chapter of The Wildlife Society at twsalaska@gmail.com. The Alaska Chapter of The Wildlife Society is not liable for any violations of the law by users.",http://rightsstatements.org/vocab/InC-NC/1.0/,,ak_tws_2007_correspondence_fnsb_tanana_lakes,/objects/ak_tws_2007_correspondence_fnsb_tanana_lakes.pdf,/objects/small/ak_tws_2007_correspondence_fnsb_tanana_lakes_sm.jpg,/objects/thumbs/ak_tws_2007_correspondence_fnsb_tanana_lakes_th.jpg,historical correspondence,
aktws0011,Action request regarding TWS member contact information and privacy,"Golden, Howard; Bowyer, Terry",2009-09-01,A letter from the Alaska Chapter and Northwest Section of The Wildlife Society addressing concerns about the privacy of member contact information and requesting policy changes regarding its distribution.,correspondence; National TWS,,,,Alaska Chapter of the Wildlife Society Collection,Text,application/pdf,eng,"In copyright, educational use permitted. Educational use includes non-commercial reproduction of text and images in materials for teaching and research purposes. For other contexts beyond fair use, including digital reproduction, please contact the Alaska Chapter of The Wildlife Society at twsalaska@gmail.com. The Alaska Chapter of The Wildlife Society is not liable for any violations of the law by users.",http://rightsstatements.org/vocab/InC-NC/1.0/,,ak_tws_2009_correspondence_tws_member_info,/objects/ak_tws_2009_correspondence_tws_member_info.pdf,/objects/small/ak_tws_2009_correspondence_tws_member_info_sm.jpg,/objects/thumbs/ak_tws_2009_correspondence_tws_member_info_th.jpg,historical correspondence,
aktws0012,Re: House Bill 267 (snowmachine access in Dalton Highway corridor),"Hundertmark, Kris",2010-03-30,A letter from the Alaska Chapter of the Wildlife Society expressing concerns about the potential negative impacts of House Bill 267 on wildlife due to increased snowmachine access along the Dalton Highway corridor.,correspondence; Alaska Legislature,,,,Alaska Chapter of the Wildlife Society Collection,Text,application/pdf,eng,"In copyright, educational use permitted. Educational use includes non-commercial reproduction of text and images in materials for teaching and research purposes. For other contexts beyond fair use, including digital reproduction, please contact the Alaska Chapter of The Wildlife Society at twsalaska@gmail.com. The Alaska Chapter of The Wildlife Society is not liable for any violations of the law by users.",http://rightsstatements.org/vocab/InC-NC/1.0/,,ak_tws_2010_correspondence_ak_leg_dalton_hwy_snowmachine,/objects/ak_tws_2010_correspondence_ak_leg_dalton_hwy_snowmachine.pdf,/objects/small/ak_tws_2010_correspondence_ak_leg_dalton_hwy_snowmachine_sm.jpg,/objects/thumbs/ak_tws_2010_correspondence_ak_leg_dalton_hwy_snowmachine_th.jpg,historical correspondence,
aktws0013,"AK Legislature, UAF Life Sciences Building","Hundertmark, Kris",2010-03-22,A letter from the Alaska Chapter of the Wildlife Society urging Senator Lyman Hoffman to fully fund the proposed Life Sciences Building at the University of Alaska Fairbanks to enhance wildlife biology education.,correspondence; Alaska Legislature,,,,Alaska Chapter of the Wildlife Society Collection,Text,application/pdf,eng,"In copyright, educational use permitted. Educational use includes non-commercial reproduction of text and images in materials for teaching and research purposes. For other contexts beyond fair use, including digital reproduction, please contact the Alaska Chapter of The Wildlife Society at twsalaska@gmail.com. The Alaska Chapter of The Wildlife Society is not liable for any violations of the law by users.",http://rightsstatements.org/vocab/InC-NC/1.0/,,ak_tws_2010_correspondence_ak_leg_uaf,/objects/ak_tws_2010_correspondence_ak_leg_uaf.pdf,/objects/small/ak_tws_2010_correspondence_ak_leg_uaf_sm.jpg,/objects/thumbs/ak_tws_2010_correspondence_ak_leg_uaf_th.jpg,historical correspondence,
aktws0014,Comments to USFWS on ANWR CCP revisions,"Hundertmark, Kris",2010-04-29,"A letter from Kris Hundertmark, President of the Alaska Chapter of the Wildlife Society, commenting on the revision of the Arctic National Wildlife Refuge's Comprehensive Conservation Plan, emphasizing the importance of wildlife conservation and climate change considerations.",correspondence; U.S. Fish and Wildlife Service,,,,Alaska Chapter of the Wildlife Society Collection,Text,application/pdf,eng,"In copyright, educational use permitted. Educational use includes non-commercial reproduction of text and images in materials for teaching and research purposes. For other contexts beyond fair use, including digital reproduction, please contact the Alaska Chapter of The Wildlife Society at twsalaska@gmail.com. The Alaska Chapter of The Wildlife Society is not liable for any violations of the law by users.",http://rightsstatements.org/vocab/InC-NC/1.0/,,ak_tws_2010_correspondence_usfws_arctic_nwr,/objects/ak_tws_2010_correspondence_usfws_arctic_nwr.pdf,/objects/small/ak_tws_2010_correspondence_usfws_arctic_nwr_sm.jpg,/objects/thumbs/ak_tws_2010_correspondence_usfws_arctic_nwr_th.jpg,historical correspondence,
aktws0015,Letter to ADFG on DWC Director qualifications ,"Hundertmark, Kris",2012-01-18,"A letter from the Alaska Chapter of the Wildlife Society to ADFG Commissioner Cora Campbell, outlining the qualifications and qualities they believe are essential for the Director of the Division of Wildlife Conservation in Alaska.",correspondence; Alaska Department of Fish and Game,,,,Alaska Chapter of the Wildlife Society Collection,Text,application/pdf,eng,"In copyright, educational use permitted. Educational use includes non-commercial reproduction of text and images in materials for teaching and research purposes. For other contexts beyond fair use, including digital reproduction, please contact the Alaska Chapter of The Wildlife Society at twsalaska@gmail.com. The Alaska Chapter of The Wildlife Society is not liable for any violations of the law by users.",http://rightsstatements.org/vocab/InC-NC/1.0/,,ak_tws_2012_correspondence_adfg_dwc_director,/objects/ak_tws_2012_correspondence_adfg_dwc_director.pdf,/objects/small/ak_tws_2012_correspondence_adfg_dwc_director_sm.jpg,/objects/thumbs/ak_tws_2012_correspondence_adfg_dwc_director_th.jpg,historical correspondence,
aktws0016,Letter to AK Governor on moose feeding program,"Hundertmark, Kris",2012-03-09,"A letter from the Alaska Chapter of the Wildlife Society, expressing concerns about a state-funded moose diversionary feeding and relocation program due to potential negative impacts on wildlife.",correspondence; Alaska Governor,,,,Alaska Chapter of the Wildlife Society Collection,Text,application/pdf,eng,"In copyright, educational use permitted. Educational use includes non-commercial reproduction of text and images in materials for teaching and research purposes. For other contexts beyond fair use, including digital reproduction, please contact the Alaska Chapter of The Wildlife Society at twsalaska@gmail.com. The Alaska Chapter of The Wildlife Society is not liable for any violations of the law by users.",http://rightsstatements.org/vocab/InC-NC/1.0/,,ak_tws_2012_correspondence_gov_parnell,/objects/ak_tws_2012_correspondence_gov_parnell.pdf,/objects/small/ak_tws_2012_correspondence_gov_parnell_sm.jpg,/objects/thumbs/ak_tws_2012_correspondence_gov_parnell_th.jpg,historical correspondence,
aktws0017,Letter to ADFG on domestic pack animal disease transmission risk,"Hupp, Jerry",2013-05-10,"A position statement from the Alaska Chapter of the Wildlife Society addressing the risks of disease transmission from domestic livestock to Alaska's Dall's sheep and mountain goat populations, along with recommendations for mitigating these risks.",correspondence; Alaska Department of Fish and Game,,,,Alaska Chapter of the Wildlife Society Collection,Text,application/pdf,eng,"In copyright, educational use permitted. Educational use includes non-commercial reproduction of text and images in materials for teaching and research purposes. For other contexts beyond fair use, including digital reproduction, please contact the Alaska Chapter of The Wildlife Society at twsalaska@gmail.com. The Alaska Chapter of The Wildlife Society is not liable for any violations of the law by users.",http://rightsstatements.org/vocab/InC-NC/1.0/,,ak_tws_2013_correspondence_adfg_sheep_disease_risk,/objects/ak_tws_2013_correspondence_adfg_sheep_disease_risk.pdf,/objects/small/ak_tws_2013_correspondence_adfg_sheep_disease_risk_sm.jpg,/objects/thumbs/ak_tws_2013_correspondence_adfg_sheep_disease_risk_th.jpg,historical correspondence,
aktws0018,Letter to BOF on lead tackle ban,"Hupp, Jerry",2013-03-04,A letter from the Alaska Chapter of the Wildlife Society supporting a proposal to ban the use of lead fishing tackle to protect wildlife from lead poisoning.,correspondence; Alaska Board of Fisheries,,,,Alaska Chapter of the Wildlife Society Collection,Text,application/pdf,eng,"In copyright, educational use permitted. Educational use includes non-commercial reproduction of text and images in materials for teaching and research purposes. For other contexts beyond fair use, including digital reproduction, please contact the Alaska Chapter of The Wildlife Society at twsalaska@gmail.com. The Alaska Chapter of The Wildlife Society is not liable for any violations of the law by users.",http://rightsstatements.org/vocab/InC-NC/1.0/,,ak_tws_2013_correspondence_bof_lead,/objects/ak_tws_2013_correspondence_bof_lead.pdf,/objects/small/ak_tws_2013_correspondence_bof_lead_sm.jpg,/objects/thumbs/ak_tws_2013_correspondence_bof_lead_th.jpg,historical correspondence,
aktws0019,Letter to EPA on Bristol Bay Watershed Assessment,"Hupp, Jerry",2013-06-28,"A comment letter from the Alaska Chapter of the Wildlife Society to the EPA regarding the draft Bristol Bay Watershed Assessment, emphasizing the importance of assessing the impacts of mineral development on wildlife and ecosystems in the region.",correspondence; Environmental Protection Agency,,,,Alaska Chapter of the Wildlife Society Collection,Text,application/pdf,eng,"In copyright, educational use permitted. Educational use includes non-commercial reproduction of text and images in materials for teaching and research purposes. For other contexts beyond fair use, including digital reproduction, please contact the Alaska Chapter of The Wildlife Society at twsalaska@gmail.com. The Alaska Chapter of The Wildlife Society is not liable for any violations of the law by users.",http://rightsstatements.org/vocab/InC-NC/1.0/,,ak_tws_2013_correspondence_epa_bristol_bay,/objects/ak_tws_2013_correspondence_epa_bristol_bay.pdf,/objects/small/ak_tws_2013_correspondence_epa_bristol_bay_sm.jpg,/objects/thumbs/ak_tws_2013_correspondence_epa_bristol_bay_th.jpg,historical correspondence,
aktws0020,Letter to Federal Subsistence Board on domestic pack animal disease transmission risk,"Hupp, Jerry",2013-03-28,"A proposal from the Alaska Chapter of the Wildlife Society advocating for a regulation to prohibit the use of domestic sheep or goats as pack animals for subsistence hunting of wild sheep, mountain goats, and muskox due to disease transmission risks.",correspondence; Federal Subsistence Board,,,,Alaska Chapter of the Wildlife Society Collection,Text,application/pdf,eng,"In copyright, educational use permitted. Educational use includes non-commercial reproduction of text and images in materials for teaching and research purposes. For other contexts beyond fair use, including digital reproduction, please contact the Alaska Chapter of The Wildlife Society at twsalaska@gmail.com. The Alaska Chapter of The Wildlife Society is not liable for any violations of the law by users.",http://rightsstatements.org/vocab/InC-NC/1.0/,,ak_tws_2013_correspondence_fsb_sheep_disease_risk,/objects/ak_tws_2013_correspondence_fsb_sheep_disease_risk.pdf,/objects/small/ak_tws_2013_correspondence_fsb_sheep_disease_risk_sm.jpg,/objects/thumbs/ak_tws_2013_correspondence_fsb_sheep_disease_risk_th.jpg,historical correspondence,
aktws0021,Letter in support of wood bison restoration,"Hupp, Jerry",2013-03-01,A letter from the Alaska Chapter of the Wildlife Society expressing support for the proposed establishment of a nonessential experimental population of wood bison in Alaska.,correspondence,,,,Alaska Chapter of the Wildlife Society Collection,Text,application/pdf,eng,"In copyright, educational use permitted. Educational use includes non-commercial reproduction of text and images in materials for teaching and research purposes. For other contexts beyond fair use, including digital reproduction, please contact the Alaska Chapter of The Wildlife Society at twsalaska@gmail.com. The Alaska Chapter of The Wildlife Society is not liable for any violations of the law by users.",http://rightsstatements.org/vocab/InC-NC/1.0/,,ak_tws_2013_correspondence_letter_wood_bison,/objects/ak_tws_2013_correspondence_letter_wood_bison.pdf,/objects/small/ak_tws_2013_correspondence_letter_wood_bison_sm.jpg,/objects/thumbs/ak_tws_2013_correspondence_letter_wood_bison_th.jpg,historical correspondence,
aktws0022,Letter to USFWS on domestic pack animal disease transmission risk,"Hupp, Jerry",2013-05-10,"A letter from the Alaska Chapter of the Wildlife Society advocating for an interagency working group on domestic pack animals to assess the risk for disease introduction to wild sheep and goat populations, develop proactive strategies to reduce that risk, and raise awareness of the issue among the public.",correspondence; U.S. Fish and Wildlife Service,,,,Alaska Chapter of the Wildlife Society Collection,Text,application/pdf,eng,"In copyright, educational use permitted. Educational use includes non-commercial reproduction of text and images in materials for teaching and research purposes. For other contexts beyond fair use, including digital reproduction, please contact the Alaska Chapter of The Wildlife Society at twsalaska@gmail.com. The Alaska Chapter of The Wildlife Society is not liable for any violations of the law by users.",http://rightsstatements.org/vocab/InC-NC/1.0/,,ak_tws_2013_correspondence_usfws_sheep_disease_risk,/objects/ak_tws_2013_correspondence_usfws_sheep_disease_risk.pdf,/objects/small/ak_tws_2013_correspondence_usfws_sheep_disease_risk_sm.jpg,/objects/thumbs/ak_tws_2013_correspondence_usfws_sheep_disease_risk_th.jpg,historical correspondence,
aktws0023,Support for HB 246: Expanding Creamer's Field Migratory Waterfowl Refuge,"Hupp, Jerry",2014-02-13,"A letter from the Alaska Chapter of the Wildlife Society, expressing support for HB 246, which aims to add additional land to Creamer's Field Migratory Waterfowl Refuge without increasing state ownership or financial burden.",correspondence; Alaska Legislature; intensive management,,,,Alaska Chapter of the Wildlife Society Collection,Text,application/pdf,eng,"In copyright, educational use permitted. Educational use includes non-commercial reproduction of text and images in materials for teaching and research purposes. For other contexts beyond fair use, including digital reproduction, please contact the Alaska Chapter of The Wildlife Society at twsalaska@gmail.com. The Alaska Chapter of The Wildlife Society is not liable for any violations of the law by users.",http://rightsstatements.org/vocab/InC-NC/1.0/,,ak_tws_2014_correspondence_ak_leg_creamers_field,/objects/ak_tws_2014_correspondence_ak_leg_creamers_field.pdf,/objects/small/ak_tws_2014_correspondence_ak_leg_creamers_field_sm.jpg,/objects/thumbs/ak_tws_2014_correspondence_ak_leg_creamers_field_th.jpg,historical correspondence,
aktws0024,Letter to AK Legislature on Intensive Management programs,"Hupp, Jerry",2014-01-07,A letter from the Alaska Chapter of the Wildlife Society addressing the Alaska State Legislature regarding the implementation and funding of intensive management programs for ungulate populations in Alaska.,correspondence; Alaska Legislature,,,,Alaska Chapter of the Wildlife Society Collection,Text,application/pdf,eng,"In copyright, educational use permitted. Educational use includes non-commercial reproduction of text and images in materials for teaching and research purposes. For other contexts beyond fair use, including digital reproduction, please contact the Alaska Chapter of The Wildlife Society at twsalaska@gmail.com. The Alaska Chapter of The Wildlife Society is not liable for any violations of the law by users.",http://rightsstatements.org/vocab/InC-NC/1.0/,,ak_tws_2014_correspondence_ak_leg_im,/objects/ak_tws_2014_correspondence_ak_leg_im.pdf,/objects/small/ak_tws_2014_correspondence_ak_leg_im_sm.jpg,/objects/thumbs/ak_tws_2014_correspondence_ak_leg_im_th.jpg,historical correspondence,
aktws0025,Letter to AK Legislature in support of the Kachemak Bay Research Reserve (KBRR),"Hupp, Jerry",2014-03-07,A letter from the Alaska Chapter of the Wildlife Society to the Alaska Legislature requesting funding for the Kachemak Bay Research Reserve to support vital fisheries and estuarine research in Alaska.,correspondence; Alaska Legislature,,,,Alaska Chapter of the Wildlife Society Collection,Text,application/pdf,eng,"In copyright, educational use permitted. Educational use includes non-commercial reproduction of text and images in materials for teaching and research purposes. For other contexts beyond fair use, including digital reproduction, please contact the Alaska Chapter of The Wildlife Society at twsalaska@gmail.com. The Alaska Chapter of The Wildlife Society is not liable for any violations of the law by users.",http://rightsstatements.org/vocab/InC-NC/1.0/,,ak_tws_2014_correspondence_ak_leg_kbrr,/objects/ak_tws_2014_correspondence_ak_leg_kbrr.pdf,/objects/small/ak_tws_2014_correspondence_ak_leg_kbrr_sm.jpg,/objects/thumbs/ak_tws_2014_correspondence_ak_leg_kbrr_th.jpg,historical correspondence,
aktws0026,Letter to the Board of Game on Intensive Management programs,"Hupp, Jerry",2014-01-03,A letter from the Alaska Chapter of the Wildlife Society addressing the Alaska Board of Game regarding intensive management of ungulates and predator reduction in wildlife mangement practices.,correspondence; Alaska Board of Game; intensive management,,,,Alaska Chapter of the Wildlife Society Collection,Text,application/pdf,eng,"In copyright, educational use permitted. Educational use includes non-commercial reproduction of text and images in materials for teaching and research purposes. For other contexts beyond fair use, including digital reproduction, please contact the Alaska Chapter of The Wildlife Society at twsalaska@gmail.com. The Alaska Chapter of The Wildlife Society is not liable for any violations of the law by users.",http://rightsstatements.org/vocab/InC-NC/1.0/,,ak_tws_2014_correspondence_bog_im,/objects/ak_tws_2014_correspondence_bog_im.pdf,/objects/small/ak_tws_2014_correspondence_bog_im_sm.jpg,/objects/thumbs/ak_tws_2014_correspondence_bog_im_th.jpg,historical correspondence,
aktws0027,Letter to AK Governor Walker regarding ADFG appointments,"Hilderbrand, Grant",2014-11-26,"A congratulatory letter from the Alaska Chapter of the Wildlife Society to the newly elected Governor and Lieutenant Governor, emphasizing the importance of science-based wildlife management and offering support for conservation efforts in Alaska.",correspondence; Alaska Governor,,,,Alaska Chapter of the Wildlife Society Collection,Text,application/pdf,eng,"In copyright, educational use permitted. Educational use includes non-commercial reproduction of text and images in materials for teaching and research purposes. For other contexts beyond fair use, including digital reproduction, please contact the Alaska Chapter of The Wildlife Society at twsalaska@gmail.com. The Alaska Chapter of The Wildlife Society is not liable for any violations of the law by users.",http://rightsstatements.org/vocab/InC-NC/1.0/,,ak_tws_2014_correspondence_gov_walker_letter,/objects/ak_tws_2014_correspondence_gov_walker_letter.pdf,/objects/small/ak_tws_2014_correspondence_gov_walker_letter_sm.jpg,/objects/thumbs/ak_tws_2014_correspondence_gov_walker_letter_th.jpg,historical correspondence,
aktws0028,Response from Governor Walker's office regarding ADFG appointments,"Gebel, Emily",2014-12-19,A letter from Governor Walker's office in response to the Alaska Chapter of the Wildlife Society's comments on ADFG appointments. ,correspondence; Alaska Governor,,,,Alaska Chapter of the Wildlife Society Collection,Text,application/pdf,eng,"In copyright, educational use permitted. Educational use includes non-commercial reproduction of text and images in materials for teaching and research purposes. For other contexts beyond fair use, including digital reproduction, please contact the Alaska Chapter of The Wildlife Society at twsalaska@gmail.com. The Alaska Chapter of The Wildlife Society is not liable for any violations of the law by users.",http://rightsstatements.org/vocab/InC-NC/1.0/,,ak_tws_2014_correspondence_gov_walker_response,/objects/ak_tws_2014_correspondence_gov_walker_response.pdf,/objects/small/ak_tws_2014_correspondence_gov_walker_response_sm.jpg,/objects/thumbs/ak_tws_2014_correspondence_gov_walker_response_th.jpg,historical correspondence,
aktws0029,Support for HB 70: An act adding additional land and water to the Creamer's Field Migratory Waterfowl Refuge,"Hilderbrand, Grant",2015-01-23,"A letter from the Alaska Chapter of the Wildlife Society, expressing support for HB 70: An act adding additional land and water to the Creamer's Field Migratory Waterfowl Refuge.",correspondence; Alaska Legislature,,,,Alaska Chapter of the Wildlife Society Collection,Text,application/pdf,eng,"In copyright, educational use permitted. Educational use includes non-commercial reproduction of text and images in materials for teaching and research purposes. For other contexts beyond fair use, including digital reproduction, please contact the Alaska Chapter of The Wildlife Society at twsalaska@gmail.com. The Alaska Chapter of The Wildlife Society is not liable for any violations of the law by users.",http://rightsstatements.org/vocab/InC-NC/1.0/,,ak_tws_2015_correspondence_ak_leg_creamers_field,/objects/ak_tws_2015_correspondence_ak_leg_creamers_field.pdf,/objects/small/ak_tws_2015_correspondence_ak_leg_creamers_field_sm.jpg,/objects/thumbs/ak_tws_2015_correspondence_ak_leg_creamers_field_th.jpg,historical correspondence,
aktws0030,Support for BOG Proposal 105: Expanding the Palmer Hay Flats State Game Refuge,"Hilderbrand, Grant",2015,A letter from the Alaska Chapter of the Wildlife Society to the Alaska Board of Game expressing support for a proposal to expand the Palmer Hay Flats State Game Refuge.,correspondence; Alaska Board of Game,,,,Alaska Chapter of the Wildlife Society Collection,Text,application/pdf,eng,"In copyright, educational use permitted. Educational use includes non-commercial reproduction of text and images in materials for teaching and research purposes. For other contexts beyond fair use, including digital reproduction, please contact the Alaska Chapter of The Wildlife Society at twsalaska@gmail.com. The Alaska Chapter of The Wildlife Society is not liable for any violations of the law by users.",http://rightsstatements.org/vocab/InC-NC/1.0/,,ak_tws_2015_correspondence_bog_palmer_hay_flats,/objects/ak_tws_2015_correspondence_bog_palmer_hay_flats.pdf,/objects/small/ak_tws_2015_correspondence_bog_palmer_hay_flats_sm.jpg,/objects/thumbs/ak_tws_2015_correspondence_bog_palmer_hay_flats_th.jpg,historical correspondence,
aktws0032,Letter to UAF regarding concerns about the Wildlife Program,"Wardlow, Cynthia",2022,A letter from the Alaska Chapter of the Wildlife Society urging the University of Alaska Fairbanks to address faculty shortages and other discrepencies with the UAF Wildlife Program to ensure the future of Alaska's wildlife stewardship.,correspondence; University of Alaska Fairbanks,,,,Alaska Chapter of the Wildlife Society Collection,Text,application/pdf,eng,"In copyright, educational use permitted. Educational use includes non-commercial reproduction of text and images in materials for teaching and research purposes. For other contexts beyond fair use, including digital reproduction, please contact the Alaska Chapter of The Wildlife Society at twsalaska@gmail.com. The Alaska Chapter of The Wildlife Society is not liable for any violations of the law by users.",http://rightsstatements.org/vocab/InC-NC/1.0/,,ak_tws_2022_correspondence_uaf,/objects/ak_tws_2022_correspondence_uaf.pdf,/objects/small/ak_tws_2022_correspondence_uaf_sm.jpg,/objects/thumbs/ak_tws_2022_correspondence_uaf_th.jpg,historical correspondence,
aktws0033,National TWS Concerns Over Proposed Oil and Gas Leasing in Northeast NPR-A ​,"Franklin, Thomas M.",2004-08-19,"A letter from the Wildlife Society expressing concerns and recommendations regarding the Bureau of Land Management's draft amendment to the Northeast Integrated Activity Plan/Environmental Impact Statement for the National Petroleum Reserve-Alaska, particularly focusing on the potential negative impacts of oil development on wildlife, especially geese and caribou.",correspondence; Bureau of Land Management,,,,Alaska Chapter of the Wildlife Society Collection,Text,application/pdf,eng,"In copyright, educational use permitted. Educational use includes non-commercial reproduction of text and images in materials for teaching and research purposes. For other contexts beyond fair use, including digital reproduction, please contact the Alaska Chapter of The Wildlife Society at twsalaska@gmail.com. The Alaska Chapter of The Wildlife Society is not liable for any violations of the law by users.",http://rightsstatements.org/vocab/InC-NC/1.0/,,tws_2004_correspondence_blm_ne_npra,/objects/tws_2004_correspondence_blm_ne_npra.pdf,/objects/small/tws_2004_correspondence_blm_ne_npra_sm.jpg,/objects/thumbs/tws_2004_correspondence_blm_ne_npra_th.jpg,historical correspondence,
aktws0034,National TWS Continued Concerns Over Proposed Oil and Gas Leasing in Northeast NPR-A ​,"Franklin, Thomas M.",2005-02-25,"A letter from the Wildlife Society expressing continued concerns and recommendations regarding the Bureau of Land Management's draft amendment to the Northeast Integrated Activity Plan/Environmental Impact Statement for the National Petroleum Reserve-Alaska, particularly focusing on the potential negative impacts of oil development on wildlife, especially geese and caribou.",correspondence; Bureau of Land Management,,,,Alaska Chapter of the Wildlife Society Collection,Text,application/pdf,eng,"In copyright, educational use permitted. Educational use includes non-commercial reproduction of text and images in materials for teaching and research purposes. For other contexts beyond fair use, including digital reproduction, please contact the Alaska Chapter of The Wildlife Society at twsalaska@gmail.com. The Alaska Chapter of The Wildlife Society is not liable for any violations of the law by users.",http://rightsstatements.org/vocab/InC-NC/1.0/,,tws_2005_correspondence_blm_ne_npra,/objects/tws_2005_correspondence_blm_ne_npra.pdf,/objects/small/tws_2005_correspondence_blm_ne_npra_sm.jpg,/objects/thumbs/tws_2005_correspondence_blm_ne_npra_th.jpg,historical correspondence,
aktws0035,National TWS Support for the Chabot/Andrews Amendment to Halt Federal Subsidies for Road Construction in the Tongass National Forest ,"Franklin, Thomas M.",2005-05-17,"A letter from the Wildlife Society advocating for the Chabot/Andrews Amendment to the FY 2006 Interior Appropriations bill, which seeks to halt federal subsidies for new logging road construction in Alaska's Tongass National Forest to protect roadless areas and conserve wildlife habitats.",correspondence; congress,,,,Alaska Chapter of the Wildlife Society Collection,Text,application/pdf,eng,"In copyright, educational use permitted. Educational use includes non-commercial reproduction of text and images in materials for teaching and research purposes. For other contexts beyond fair use, including digital reproduction, please contact the Alaska Chapter of The Wildlife Society at twsalaska@gmail.com. The Alaska Chapter of The Wildlife Society is not liable for any violations of the law by users.",http://rightsstatements.org/vocab/InC-NC/1.0/,,tws_2005_correspondence_us_congress_tongass_roadless,/objects/tws_2005_correspondence_us_congress_tongass_roadless.pdf,/objects/small/tws_2005_correspondence_us_congress_tongass_roadless_sm.jpg,/objects/thumbs/tws_2005_correspondence_us_congress_tongass_roadless_th.jpg,historical correspondence,
aktws0036,National TWS Concerns Over Cumulative Impacts of Oil and Gas Development in NPR-A,"Hutchins, Michael",2007-11-06,"A letter from the Wildlife Society addressing concerns about the cumulative impacts of oil and gas development on wildlife resources in the Northeast National Petroleum Reserve-Alaska (NPR-A), emphasizing the need for rigourous environmental analysis.",correspondence; Bureau of Land Management,,,,Alaska Chapter of the Wildlife Society Collection,Text,application/pdf,eng,"In copyright, educational use permitted. Educational use includes non-commercial reproduction of text and images in materials for teaching and research purposes. For other contexts beyond fair use, including digital reproduction, please contact the Alaska Chapter of The Wildlife Society at twsalaska@gmail.com. The Alaska Chapter of The Wildlife Society is not liable for any violations of the law by users.",http://rightsstatements.org/vocab/InC-NC/1.0/,,tws_2007_correspondence_ensr_ne_npra,/objects/tws_2007_correspondence_ensr_ne_npra.pdf,/objects/small/tws_2007_correspondence_ensr_ne_npra_sm.jpg,/objects/thumbs/tws_2007_correspondence_ensr_ne_npra_th.jpg,historical correspondence,
aktws0037,Coalition of Natural Resource Societies Letter to AK Governor ,"Jackson, Don; Moseley, Jeff; Goergen, Michael; Leopold, Bruce",2010-03-03,A letter from the Coalition of Natural Resource Societyies to the Alaska Governor emphasizing the importance of natural resource professionals in managing Alaska's natural resources and their economic contributions.,correspondence; Alaska Governor,,,,Alaska Chapter of the Wildlife Society Collection,Text,application/pdf,eng,"In copyright, educational use permitted. Educational use includes non-commercial reproduction of text and images in materials for teaching and research purposes. For other contexts beyond fair use, including digital reproduction, please contact the Alaska Chapter of The Wildlife Society at twsalaska@gmail.com. The Alaska Chapter of The Wildlife Society is not liable for any violations of the law by users.",http://rightsstatements.org/vocab/InC-NC/1.0/,,tws_2010_correspondence_gov_parnell_letter,/objects/tws_2010_correspondence_gov_parnell_letter.pdf,/objects/small/tws_2010_correspondence_gov_parnell_letter_sm.jpg,/objects/thumbs/tws_2010_correspondence_gov_parnell_letter_th.jpg,historical correspondence,
aktws0038,Scoping comments: Land exchange and road corridor through Izembek National Wildlife Refuge,"Leopold, Bruce",2010-04-29,A letter from the Wildlife Society expressing concerns about the environmental impact of a proposed road corridor through the Izembek National Wildlife Refuge in Alaska.,correspondence; U.S. Fish and Wildlife Service,,,,Alaska Chapter of the Wildlife Society Collection,Text,application/pdf,eng,"In copyright, educational use permitted. Educational use includes non-commercial reproduction of text and images in materials for teaching and research purposes. For other contexts beyond fair use, including digital reproduction, please contact the Alaska Chapter of The Wildlife Society at twsalaska@gmail.com. The Alaska Chapter of The Wildlife Society is not liable for any violations of the law by users.",http://rightsstatements.org/vocab/InC-NC/1.0/,,tws_2010_correspondence_usfws_izembek_nwr,/objects/tws_2010_correspondence_usfws_izembek_nwr.pdf,/objects/small/tws_2010_correspondence_usfws_izembek_nwr_sm.jpg,/objects/thumbs/tws_2010_correspondence_usfws_izembek_nwr_th.jpg,historical correspondence,
aktws0039,Denali Panorama,"Wagner, Jeff",2018-04-22,A panoramic view of Denali and the Alaska Range taken from the Denali Park Road.,images,,,,Alaska Chapter of the Wildlife Society Collection,Image;StillImage,image/jpeg,eng,"In copyright, educational use permitted. Educational use includes non-commercial reproduction of text and images in materials for teaching and research purposes. For other contexts beyond fair use, including digital reproduction, please contact the Alaska Chapter of The Wildlife Society at twsalaska@gmail.com. The Alaska Chapter of The Wildlife Society is not liable for any violations of the law by users.",http://rightsstatements.org/vocab/InC-NC/1.0/,,jw_denali_panorama_2018,/objects/jw_denali_panorama_2018.jpg,/objects/small/jw_denali_panorama_2018_sm.jpg,/objects/thumbs/jw_denali_panorama_2018_th.jpg,panoramic view of mountains and valley in winter,
aktws0040,Northwest Section Position Statement: Transfer of Federal Lands to Northwest States,AKTWS,1900-01-01,"A position statement of the Northwest Section Conservation Affairs Committee opposing the transfer of federally owned and managed public lands to state ownership or management in Alaska, Idaho, Montana, Oregon, and Washington. No date appears in the document.",position statements,,,,Alaska Chapter of the Wildlife Society Collection,Text,application/vnd.openxmlformats-officedocument.wordprocessingml.document,eng,"In copyright, educational use permitted. Educational use includes non-commercial reproduction of text and images in materials for teaching and research purposes. For other contexts beyond fair use, including digital reproduction, please contact the Alaska Chapter of The Wildlife Society at twsalaska@gmail.com. The Alaska Chapter of The Wildlife Society is not liable for any violations of the law by users.",http://rightsstatements.org/vocab/InC-NC/1.0/,,nwsection_landtransferps,/objects/nwsection_landtransferps.docx,/objects/small/nwsection_landtransferps_sm.jpg,/objects/thumbs/nwsection_landtransferps_th.jpg,position statement document,
aktws0041,"National Wildlife Federation Memorandum on Wilderness Criteria, 1968","Kimball, Thomas L.",1968-04-04,"A memorandum from National Wildlife Federation Executive Director Thomas L. Kimball to state affiliate representatives and executive officers, circulating a working draft of criteria for evaluating areas proposed for inclusion in the National Wilderness Preservation System.",correspondence; National Wildlife Federation,"Washington, D.C.",38.9072,-77.0369,Alaska Chapter of the Wildlife Society Collection,Image;StillImage,image/jpeg,eng,"In copyright, educational use permitted. Educational use includes non-commercial reproduction of text and images in materials for teaching and research purposes. For other contexts beyond fair use, including digital reproduction, please contact the Alaska Chapter of The Wildlife Society at twsalaska@gmail.com. The Alaska Chapter of The Wildlife Society is not liable for any violations of the law by users.",http://rightsstatements.org/vocab/InC-NC/1.0/,,nat_wildlife_fed_1968_wilderness,/objects/nat_wildlife_fed_1968_wilderness.jpg,/objects/small/nat_wildlife_fed_1968_wilderness_sm.jpg,/objects/thumbs/nat_wildlife_fed_1968_wilderness_th.jpg,scanned typewritten memorandum on National Wildlife Federation letterhead,
aktws0042,"National Wildlife Federation Wilderness Criteria Working Draft, 1968 (page 5)","Kimball, Thomas L.",1968-04-04,"Page five of the National Wildlife Federation working draft of wilderness criteria attached to Thomas L. Kimball's April 1968 memorandum, covering wilderness and land use management, plant composition, and potential additions to the Wilderness Preservation System.",correspondence; National Wildlife Federation,"Washington, D.C.",38.9072,-77.0369,Alaska Chapter of the Wildlife Society Collection,Image;StillImage,image/jpeg,eng,"In copyright, educational use permitted. Educational use includes non-commercial reproduction of text and images in materials for teaching and research purposes. For other contexts beyond fair use, including digital reproduction, please contact the Alaska Chapter of The Wildlife Society at twsalaska@gmail.com. The Alaska Chapter of The Wildlife Society is not liable for any violations of the law by users.",http://rightsstatements.org/vocab/InC-NC/1.0/,,nat_wildlife_fed_1968_wilderness_2,/objects/nat_wildlife_fed_1968_wilderness_2.jpg,/objects/small/nat_wildlife_fed_1968_wilderness_2_sm.jpg,/objects/thumbs/nat_wildlife_fed_1968_wilderness_2_th.jpg,scanned typewritten page of wilderness criteria,
aktws0043,"Charter Members of the Alaska Chapter of The Wildlife Society, 1971",AKTWS,1971-02-23,"A founding record of the Alaska Chapter of The Wildlife Society reporting the results of balloting completed February 23, 1971, naming the first officers and recording membership of 71 with 64 charter members.",chapter records,,,,Alaska Chapter of the Wildlife Society Collection,Text,application/pdf,eng,"In copyright, educational use permitted. Educational use includes non-commercial reproduction of text and images in materials for teaching and research purposes. For other contexts beyond fair use, including digital reproduction, please contact the Alaska Chapter of The Wildlife Society at twsalaska@gmail.com. The Alaska Chapter of The Wildlife Society is not liable for any violations of the law by users.",http://rightsstatements.org/vocab/InC-NC/1.0/,,ak_tws_charter_members_1971,/objects/ak_tws_charter_members_1971.pdf,/objects/small/ak_tws_charter_members_1971_sm.jpg,/objects/thumbs/ak_tws_charter_members_1971_th.jpg,scanned founding membership record,
aktws0044,"Letter from Robert Weeden to Fred Evenden on Native Land Claims and Alaska Refuges, 10 June 1971 (page 1)","Weeden, Robert B.",1971-06-10,"A letter from Robert B. Weeden, TWS Region 6 Representative, to Dr. Fred G. Evenden of The Wildlife Society, commenting on Darrell Farmen's request for action on native land claims and the effect of the administration's claims bill on Alaska national wildlife refuges.",correspondence; Alaska Native Claims Settlement Act,,,,Alaska Chapter of the Wildlife Society Collection,Image;StillImage,image/jpeg,eng,"In copyright, educational use permitted. Educational use includes non-commercial reproduction of text and images in materials for teaching and research purposes. For other contexts beyond fair use, including digital reproduction, please contact the Alaska Chapter of The Wildlife Society at twsalaska@gmail.com. The Alaska Chapter of The Wildlife Society is not liable for any violations of the law by users.",http://rightsstatements.org/vocab/InC-NC/1.0/,,d_2_weeden_1971,/objects/d_2_weeden_1971.jpg,/objects/small/d_2_weeden_1971_sm.jpg,/objects/thumbs/d_2_weeden_1971_th.jpg,scanned typewritten letter on Wildlife Society letterhead,
aktws0045,"Letter from Robert Weeden to Fred Evenden on Native Land Claims and Alaska Refuges, 10 June 1971 (page 2)","Weeden, Robert B.",1971-06-10,"Page two of Robert Weeden's 10 June 1971 letter to Fred Evenden, discussing Senator Mike Gravel's proposed State-Federal Alaska Land Planning Commission and options for protecting refuge lands under native claims legislation.",correspondence; Alaska Native Claims Settlement Act,,,,Alaska Chapter of the Wildlife Society Collection,Image;StillImage,image/jpeg,eng,"In copyright, educational use permitted. Educational use includes non-commercial reproduction of text and images in materials for teaching and research purposes. For other contexts beyond fair use, including digital reproduction, please contact the Alaska Chapter of The Wildlife Society at twsalaska@gmail.com. The Alaska Chapter of The Wildlife Society is not liable for any violations of the law by users.",http://rightsstatements.org/vocab/InC-NC/1.0/,,d_2_weeden_evenden_1971b,/objects/d_2_weeden_evenden_1971b.jpg,/objects/small/d_2_weeden_evenden_1971b_sm.jpg,/objects/thumbs/d_2_weeden_evenden_1971b_th.jpg,scanned typewritten letter page with signature,
aktws0046,"Letter from Fred Evenden to Robert Weeden on Canadian Arctic Resources Council Materials, 11 June 1971","Evenden, Fred G.",1971-06-11,"A letter from Fred G. Evenden, Executive Director of The Wildlife Society, thanking Robert Weeden for his comments on Canadian Arctic Resources Council materials and forwarding them to TWS President Tom Baskett and to Dick Stroud of the Natural Resources Council.",correspondence; The Wildlife Society,"Washington, D.C.",38.9072,-77.0369,Alaska Chapter of the Wildlife Society Collection,Image;StillImage,image/jpeg,eng,"In copyright, educational use permitted. Educational use includes non-commercial reproduction of text and images in materials for teaching and research purposes. For other contexts beyond fair use, including digital reproduction, please contact the Alaska Chapter of The Wildlife Society at twsalaska@gmail.com. The Alaska Chapter of The Wildlife Society is not liable for any violations of the law by users.",http://rightsstatements.org/vocab/InC-NC/1.0/,,weeden_evenden_arctic_june_1971,/objects/weeden_evenden_arctic_june_1971.jpg,/objects/small/weeden_evenden_arctic_june_1971_sm.jpg,/objects/thumbs/weeden_evenden_arctic_june_1971_th.jpg,scanned typewritten letter on Wildlife Society letterhead,
aktws0047,"Memorandum from Robert Weeden to Fred Evenden on the Canadian Arctic Resources Council, 11 June 1971","Weeden, Robert B.",1971-06-11,"A memorandum from Robert Weeden to Fred Evenden arguing that Arctic development requires coordinated US and Canadian scientific and technological effort, and that industry must not outrun Arctic science.",correspondence; The Wildlife Society,,,,Alaska Chapter of the Wildlife Society Collection,Image;StillImage,image/jpeg,eng,"In copyright, educational use permitted. Educational use includes non-commercial reproduction of text and images in materials for teaching and research purposes. For other contexts beyond fair use, including digital reproduction, please contact the Alaska Chapter of The Wildlife Society at twsalaska@gmail.com. The Alaska Chapter of The Wildlife Society is not liable for any violations of the law by users.",http://rightsstatements.org/vocab/InC-NC/1.0/,,weeden_evenden_arctic_june_1971b,/objects/weeden_evenden_arctic_june_1971b.jpg,/objects/small/weeden_evenden_arctic_june_1971b_sm.jpg,/objects/thumbs/weeden_evenden_arctic_june_1971b_th.jpg,scanned typewritten memorandum on Wildlife Society letterhead,
aktws0048,"Notes to the File: Robert Weeden's Comments on Native Land Claims before the TWS Council, 25 July 1971","Weeden, Robert B.",1971-07-25,"Eleven numbered notes to the file summarizing Robert Weeden's comments on Alaska native land claims delivered before The Wildlife Society Council in Denver, Colorado, covering the acreage at stake, the status of federal refuges, and the positions of TWS leadership.",chapter records; Alaska Native Claims Settlement Act,"Denver, Colorado",39.7392,-104.9903,Alaska Chapter of the Wildlife Society Collection,Image;StillImage,image/jpeg,eng,"In copyright, educational use permitted. Educational use includes non-commercial reproduction of text and images in materials for teaching and research purposes. For other contexts beyond fair use, including digital reproduction, please contact the Alaska Chapter of The Wildlife Society at twsalaska@gmail.com. The Alaska Chapter of The Wildlife Society is not liable for any violations of the law by users.",http://rightsstatements.org/vocab/InC-NC/1.0/,,d_2_weeden_1971_notes,/objects/d_2_weeden_1971_notes.jpg,/objects/small/d_2_weeden_1971_notes_sm.jpg,/objects/thumbs/d_2_weeden_1971_notes_th.jpg,scanned typewritten notes to the file,
aktws0049,"Memorandum: Alaska Native Land Claims, Effects on Wildlife Resources, 24 August 1971 (page 1)","Weeden, Robert B.",1971-08-24,"A memorandum from Robert Weeden, TWS Region 6 Representative, to Fred Evenden and Ralph MacMullan identifying three classes of wildlife resource problems raised by Alaska native land claims legislation, following an August 18 meeting of Alaska TWS members.",correspondence; Alaska Native Claims Settlement Act,"Fairbanks, Alaska",64.8378,-147.7164,Alaska Chapter of the Wildlife Society Collection,Image;StillImage,image/jpeg,eng,"In copyright, educational use permitted. Educational use includes non-commercial reproduction of text and images in materials for teaching and research purposes. For other contexts beyond fair use, including digital reproduction, please contact the Alaska Chapter of The Wildlife Society at twsalaska@gmail.com. The Alaska Chapter of The Wildlife Society is not liable for any violations of the law by users.",http://rightsstatements.org/vocab/InC-NC/1.0/,,weeden_comments_ancsa_to_tws_council_1971a,/objects/weeden_comments_ancsa_to_tws_council_1971a.jpg,/objects/small/weeden_comments_ancsa_to_tws_council_1971a_sm.jpg,/objects/thumbs/weeden_comments_ancsa_to_tws_council_1971a_th.jpg,scanned typewritten memorandum on University of Alaska letterhead,
aktws0050,"Memorandum: Alaska Native Land Claims, Effects on Wildlife Resources, 24 August 1971 (page 2)","Weeden, Robert B.",1971-08-24,"Page two of Robert Weeden's 24 August 1971 memorandum, addressing subsistence provisions in the pending claims bills and the general problems posed by fee-simple title transfer of large blocks of Alaska land.",correspondence; Alaska Native Claims Settlement Act,"Fairbanks, Alaska",64.8378,-147.7164,Alaska Chapter of the Wildlife Society Collection,Image;StillImage,image/jpeg,eng,"In copyright, educational use permitted. Educational use includes non-commercial reproduction of text and images in materials for teaching and research purposes. For other contexts beyond fair use, including digital reproduction, please contact the Alaska Chapter of The Wildlife Society at twsalaska@gmail.com. The Alaska Chapter of The Wildlife Society is not liable for any violations of the law by users.",http://rightsstatements.org/vocab/InC-NC/1.0/,,weeden_comments_ancsa_to_tws_council_1971b,/objects/weeden_comments_ancsa_to_tws_council_1971b.jpg,/objects/small/weeden_comments_ancsa_to_tws_council_1971b_sm.jpg,/objects/thumbs/weeden_comments_ancsa_to_tws_council_1971b_th.jpg,scanned typewritten memorandum page,
aktws0051,"Memorandum: Alaska Native Land Claims, Effects on Wildlife Resources, 24 August 1971 (page 3)","Weeden, Robert B.",1971-08-24,"Page three of Robert Weeden's 24 August 1971 memorandum, covering specific management problems arising from transfer of refuge lands and urging that TWS testimony protect state jurisdiction over wildlife and secure mechanisms to safeguard wildlife resources.",correspondence; Alaska Native Claims Settlement Act,"Fairbanks, Alaska",64.8378,-147.7164,Alaska Chapter of the Wildlife Society Collection,Image;StillImage,image/jpeg,eng,"In copyright, educational use permitted. Educational use includes non-commercial reproduction of text and images in materials for teaching and research purposes. For other contexts beyond fair use, including digital reproduction, please contact the Alaska Chapter of The Wildlife Society at twsalaska@gmail.com. The Alaska Chapter of The Wildlife Society is not liable for any violations of the law by users.",http://rightsstatements.org/vocab/InC-NC/1.0/,,weeden_comments_ancsa_to_tws_council_1971c,/objects/weeden_comments_ancsa_to_tws_council_1971c.jpg,/objects/small/weeden_comments_ancsa_to_tws_council_1971c_sm.jpg,/objects/thumbs/weeden_comments_ancsa_to_tws_council_1971c_th.jpg,scanned typewritten memorandum page,
aktws0052,"Weeden Correspondence to the TWS Council on Alaska Native Land Claims, 1971","Weeden, Robert B.",1971-08-24,A Word document compiling the scanned pages of Robert Weeden's 1971 correspondence and notes to The Wildlife Society Council on the effects of Alaska native land claims legislation on wildlife resources.,correspondence; Alaska Native Claims Settlement Act,,,,Alaska Chapter of the Wildlife Society Collection,Text,application/vnd.openxmlformats-officedocument.wordprocessingml.document,eng,"In copyright, educational use permitted. Educational use includes non-commercial reproduction of text and images in materials for teaching and research purposes. For other contexts beyond fair use, including digital reproduction, please contact the Alaska Chapter of The Wildlife Society at twsalaska@gmail.com. The Alaska Chapter of The Wildlife Society is not liable for any violations of the law by users.",http://rightsstatements.org/vocab/InC-NC/1.0/,,weeden_ancsa_correspondence_tws_council_1971,/objects/weeden_ancsa_correspondence_tws_council_1971.docx,/objects/small/weeden_ancsa_correspondence_tws_council_1971_sm.jpg,/objects/thumbs/weeden_ancsa_correspondence_tws_council_1971_th.jpg,compiled scans of 1971 correspondence,
aktws0053,July 1974 Alaska Chapter Newsletter and Arctic Petroleum and Mineral Position Statement,AKTWS,1974-07-01,A Word document compiling scans of the July 1974 Alaska Chapter newsletter together with the Chapter position statement on petroleum and mineral resource development in arctic and subarctic North America.,newsletters; position statements,,,,Alaska Chapter of the Wildlife Society Collection,Text,application/vnd.openxmlformats-officedocument.wordprocessingml.document,eng,"In copyright, educational use permitted. Educational use includes non-commercial reproduction of text and images in materials for teaching and research purposes. For other contexts beyond fair use, including digital reproduction, please contact the Alaska Chapter of The Wildlife Society at twsalaska@gmail.com. The Alaska Chapter of The Wildlife Society is not liable for any violations of the law by users.",http://rightsstatements.org/vocab/InC-NC/1.0/,,july_1974_newsletter_and_petroleum_mineral_arctic_position_ak_tws,/objects/july_1974_newsletter_and_petroleum_mineral_arctic_position_ak_tws.docx,/objects/small/july_1974_newsletter_and_petroleum_mineral_arctic_position_ak_tws_sm.jpg,/objects/thumbs/july_1974_newsletter_and_petroleum_mineral_arctic_position_ak_tws_th.jpg,compiled scans of 1974 newsletter and position statement,
aktws0054,Position Statement: Petroleum and Mineral Resource Development in Arctic and Subarctic North America (1974),AKTWS,1974-07-01,"A Word document containing scanned images of the Alaska Chapter position statement on petroleum and mineral resource development in arctic and subarctic North America, voted on by the Chapter membership in July 1974.",position statements,,,,Alaska Chapter of the Wildlife Society Collection,Text,application/vnd.openxmlformats-officedocument.wordprocessingml.document,eng,"In copyright, educational use permitted. Educational use includes non-commercial reproduction of text and images in materials for teaching and research purposes. For other contexts beyond fair use, including digital reproduction, please contact the Alaska Chapter of The Wildlife Society at twsalaska@gmail.com. The Alaska Chapter of The Wildlife Society is not liable for any violations of the law by users.",http://rightsstatements.org/vocab/InC-NC/1.0/,,ak_tws_1974_july_petroleum_mineral_arctic,/objects/ak_tws_1974_july_petroleum_mineral_arctic.docx,/objects/small/ak_tws_1974_july_petroleum_mineral_arctic_sm.jpg,/objects/thumbs/ak_tws_1974_july_petroleum_mineral_arctic_th.jpg,scanned position statement,
aktws0055,"Position Statement: Petroleum and Mineral Resource Development in Arctic and Subarctic North America, 1974 (page 1)",AKTWS,1974-07-01,"The first page of the Alaska Chapter position statement on petroleum and mineral resource development in arctic and subarctic North America, annotated as voted upon in July 1974 by the Chapter membership.",position statements,,,,Alaska Chapter of the Wildlife Society Collection,Image;StillImage,image/jpeg,eng,"In copyright, educational use permitted. Educational use includes non-commercial reproduction of text and images in materials for teaching and research purposes. For other contexts beyond fair use, including digital reproduction, please contact the Alaska Chapter of The Wildlife Society at twsalaska@gmail.com. The Alaska Chapter of The Wildlife Society is not liable for any violations of the law by users.",http://rightsstatements.org/vocab/InC-NC/1.0/,,petroleum_mineral_arctic_position_ak_tws_1974,/objects/petroleum_mineral_arctic_position_ak_tws_1974.jpg,/objects/small/petroleum_mineral_arctic_position_ak_tws_1974_sm.jpg,/objects/thumbs/petroleum_mineral_arctic_position_ak_tws_1974_th.jpg,scanned typewritten position statement,
aktws0056,"Position Statement: Petroleum and Mineral Resource Development in Arctic and Subarctic North America, 1974 (page 2)",AKTWS,1974-07-01,Page two of the Alaska Chapter 1974 position statement on petroleum and mineral resource development in arctic and subarctic North America.,position statements,,,,Alaska Chapter of the Wildlife Society Collection,Image;StillImage,image/jpeg,eng,"In copyright, educational use permitted. Educational use includes non-commercial reproduction of text and images in materials for teaching and research purposes. For other contexts beyond fair use, including digital reproduction, please contact the Alaska Chapter of The Wildlife Society at twsalaska@gmail.com. The Alaska Chapter of The Wildlife Society is not liable for any violations of the law by users.",http://rightsstatements.org/vocab/InC-NC/1.0/,,petroleum_mineral_arctic_position_ak_tws_1974b,/objects/petroleum_mineral_arctic_position_ak_tws_1974b.jpg,/objects/small/petroleum_mineral_arctic_position_ak_tws_1974b_sm.jpg,/objects/thumbs/petroleum_mineral_arctic_position_ak_tws_1974b_th.jpg,scanned typewritten position statement page,
aktws0057,"Position Statement: Petroleum and Mineral Resource Development in Arctic and Subarctic North America, 1974 (page 3)",AKTWS,1974-07-01,Page three of the Alaska Chapter 1974 position statement on petroleum and mineral resource development in arctic and subarctic North America.,position statements,,,,Alaska Chapter of the Wildlife Society Collection,Image;StillImage,image/jpeg,eng,"In copyright, educational use permitted. Educational use includes non-commercial reproduction of text and images in materials for teaching and research purposes. For other contexts beyond fair use, including digital reproduction, please contact the Alaska Chapter of The Wildlife Society at twsalaska@gmail.com. The Alaska Chapter of The Wildlife Society is not liable for any violations of the law by users.",http://rightsstatements.org/vocab/InC-NC/1.0/,,petroleum_mineral_arctic_position_ak_tws_1974c,/objects/petroleum_mineral_arctic_position_ak_tws_1974c.jpg,/objects/small/petroleum_mineral_arctic_position_ak_tws_1974c_sm.jpg,/objects/thumbs/petroleum_mineral_arctic_position_ak_tws_1974c_th.jpg,scanned typewritten position statement page,
aktws0058,"Letter from Robert Weeden to Fred Evenden Proposing a TWS D-2 Study Committee, 17 July 1974 (page 1)","Weeden, Robert B.",1974-07-17,"A letter from Robert Weeden to Fred Evenden, Executive Director of The Wildlife Society, setting out four conclusions about Alaska D-2 land decisions and proposing that TWS establish a study committee to provide factually accurate descriptions of the issues in each D-2 area.",correspondence; ANILCA d-2 lands,"Fairbanks, Alaska",64.8378,-147.7164,Alaska Chapter of the Wildlife Society Collection,Image;StillImage,image/jpeg,eng,"In copyright, educational use permitted. Educational use includes non-commercial reproduction of text and images in materials for teaching and research purposes. For other contexts beyond fair use, including digital reproduction, please contact the Alaska Chapter of The Wildlife Society at twsalaska@gmail.com. The Alaska Chapter of The Wildlife Society is not liable for any violations of the law by users.",http://rightsstatements.org/vocab/InC-NC/1.0/,,d_2_weeden_evenden_1974,/objects/d_2_weeden_evenden_1974.jpg,/objects/small/d_2_weeden_evenden_1974_sm.jpg,/objects/thumbs/d_2_weeden_evenden_1974_th.jpg,scanned typewritten letter on University of Alaska letterhead,
aktws0059,"Letter from Robert Weeden to Fred Evenden Proposing a TWS D-2 Study Committee, 17 July 1974 (page 2)","Weeden, Robert B.",1974-07-17,"Page two of Robert Weeden's 17 July 1974 letter, recommending that the study group be composed mainly of Alaskans and knowledgeable non-Alaskan professionals and be activated in 1974.",correspondence; ANILCA d-2 lands,"Fairbanks, Alaska",64.8378,-147.7164,Alaska Chapter of the Wildlife Society Collection,Image;StillImage,image/jpeg,eng,"In copyright, educational use permitted. Educational use includes non-commercial reproduction of text and images in materials for teaching and research purposes. For other contexts beyond fair use, including digital reproduction, please contact the Alaska Chapter of The Wildlife Society at twsalaska@gmail.com. The Alaska Chapter of The Wildlife Society is not liable for any violations of the law by users.",http://rightsstatements.org/vocab/InC-NC/1.0/,,d_2_weeden_evenden_1974b,/objects/d_2_weeden_evenden_1974b.jpg,/objects/small/d_2_weeden_evenden_1974b_sm.jpg,/objects/thumbs/d_2_weeden_evenden_1974b_th.jpg,scanned typewritten letter page with signature,
aktws0060,"Weeden Correspondence to the TWS Council on D-2 Lands, 1974","Weeden, Robert B.",1974-07-17,"A Word document compiling the scanned pages of the 1974 correspondence among Robert Weeden, Fred Evenden, Robert LeResche, and Rollin Sparrowe on Alaska D-2 land decisions and a proposed TWS study committee.",correspondence; ANILCA d-2 lands,,,,Alaska Chapter of the Wildlife Society Collection,Text,application/vnd.openxmlformats-officedocument.wordprocessingml.document,eng,"In copyright, educational use permitted. Educational use includes non-commercial reproduction of text and images in materials for teaching and research purposes. For other contexts beyond fair use, including digital reproduction, please contact the Alaska Chapter of The Wildlife Society at twsalaska@gmail.com. The Alaska Chapter of The Wildlife Society is not liable for any violations of the law by users.",http://rightsstatements.org/vocab/InC-NC/1.0/,,weeden_d_2_correspondence_tws_council_1974,/objects/weeden_d_2_correspondence_tws_council_1974.docx,/objects/small/weeden_d_2_correspondence_tws_council_1974_sm.jpg,/objects/thumbs/weeden_d_2_correspondence_tws_council_1974_th.jpg,compiled scans of 1974 correspondence,
aktws0061,"Memorandum from Robert LeResche to Bob Weeden on the TWS D-2 Study Team, 25 July 1974","LeResche, Robert E.",1974-07-25,"A State of Alaska memorandum from Robert E. LeResche, Planning Coordinator of the ADF&G Division of Game, endorsing Weeden's proposal for a TWS D-2 study committee and describing the Division's parallel work on a statewide wildlife management plan.",correspondence; ANILCA d-2 lands,"Fairbanks, Alaska",64.8378,-147.7164,Alaska Chapter of the Wildlife Society Collection,Image;StillImage,image/jpeg,eng,"In copyright, educational use permitted. Educational use includes non-commercial reproduction of text and images in materials for teaching and research purposes. For other contexts beyond fair use, including digital reproduction, please contact the Alaska Chapter of The Wildlife Society at twsalaska@gmail.com. The Alaska Chapter of The Wildlife Society is not liable for any violations of the law by users.",http://rightsstatements.org/vocab/InC-NC/1.0/,,d_2_weeden_1974,/objects/d_2_weeden_1974.jpg,/objects/small/d_2_weeden_1974_sm.jpg,/objects/thumbs/d_2_weeden_1974_th.jpg,scanned State of Alaska memorandum,
aktws0062,"Letter from Fred Evenden to Rollin Sparrowe on the D-2 Lands Proposal, 8 August 1974","Evenden, Fred G.",1974-08-08,"A letter from TWS Executive Director Fred G. Evenden to Rollin D. Sparrowe, Chairman of the TWS Environmental Action Committee, forwarding Weeden's D-2 proposal and asking whether the Committee should take it on as a project.",correspondence; ANILCA d-2 lands,"Washington, D.C.",38.9072,-77.0369,Alaska Chapter of the Wildlife Society Collection,Image;StillImage,image/jpeg,eng,"In copyright, educational use permitted. Educational use includes non-commercial reproduction of text and images in materials for teaching and research purposes. For other contexts beyond fair use, including digital reproduction, please contact the Alaska Chapter of The Wildlife Society at twsalaska@gmail.com. The Alaska Chapter of The Wildlife Society is not liable for any violations of the law by users.",http://rightsstatements.org/vocab/InC-NC/1.0/,,sparrowe_d_2_1974,/objects/sparrowe_d_2_1974.jpg,/objects/small/sparrowe_d_2_1974_sm.jpg,/objects/thumbs/sparrowe_d_2_1974_th.jpg,scanned typewritten letter,
aktws0063,"Northwest Section Newsletter, 25 October 1974 (page 1)",AKTWS,1974-10-25,"The first page of Northwest Section newsletter Number 2, announcing the 26th Northwest Section Annual Conference to be held in Anchorage April 2-4, 1975, with a request for papers and notes from the Resolutions and Awards committees.",newsletters; Northwest Section,,,,Alaska Chapter of the Wildlife Society Collection,Image;StillImage,image/jpeg,eng,"In copyright, educational use permitted. Educational use includes non-commercial reproduction of text and images in materials for teaching and research purposes. For other contexts beyond fair use, including digital reproduction, please contact the Alaska Chapter of The Wildlife Society at twsalaska@gmail.com. The Alaska Chapter of The Wildlife Society is not liable for any violations of the law by users.",http://rightsstatements.org/vocab/InC-NC/1.0/,,nws_newsletter_oct_1974_planning_ak_meeting_1975,/objects/nws_newsletter_oct_1974_planning_ak_meeting_1975.jpg,/objects/small/nws_newsletter_oct_1974_planning_ak_meeting_1975_sm.jpg,/objects/thumbs/nws_newsletter_oct_1974_planning_ak_meeting_1975_th.jpg,scanned Northwest Section newsletter page,
aktws0064,"Northwest Section Newsletter, 25 October 1974 (page 2)",AKTWS,1974-10-25,"Page two of Northwest Section newsletter Number 2 of 25 October 1974, continuing coverage of Section business and planning for the 1975 Anchorage conference.",newsletters; Northwest Section,,,,Alaska Chapter of the Wildlife Society Collection,Image;StillImage,image/jpeg,eng,"In copyright, educational use permitted. Educational use includes non-commercial reproduction of text and images in materials for teaching and research purposes. For other contexts beyond fair use, including digital reproduction, please contact the Alaska Chapter of The Wildlife Society at twsalaska@gmail.com. The Alaska Chapter of The Wildlife Society is not liable for any violations of the law by users.",http://rightsstatements.org/vocab/InC-NC/1.0/,,nws_newsletter_oct_1974_planning_ak_meeting_1975b,/objects/nws_newsletter_oct_1974_planning_ak_meeting_1975b.jpg,/objects/small/nws_newsletter_oct_1974_planning_ak_meeting_1975b_sm.jpg,/objects/thumbs/nws_newsletter_oct_1974_planning_ak_meeting_1975b_th.jpg,scanned Northwest Section newsletter page,
aktws0065,"Northwest Section Newsletter, 25 October 1974 (page 3)",AKTWS,1974-10-25,"Page three of Northwest Section newsletter Number 2 of 25 October 1974, continuing coverage of Section business and planning for the 1975 Anchorage conference.",newsletters; Northwest Section,,,,Alaska Chapter of the Wildlife Society Collection,Image;StillImage,image/jpeg,eng,"In copyright, educational use permitted. Educational use includes non-commercial reproduction of text and images in materials for teaching and research purposes. For other contexts beyond fair use, including digital reproduction, please contact the Alaska Chapter of The Wildlife Society at twsalaska@gmail.com. The Alaska Chapter of The Wildlife Society is not liable for any violations of the law by users.",http://rightsstatements.org/vocab/InC-NC/1.0/,,nws_newsletter_oct_1974_planning_ak_meeting_1975c,/objects/nws_newsletter_oct_1974_planning_ak_meeting_1975c.jpg,/objects/small/nws_newsletter_oct_1974_planning_ak_meeting_1975c_sm.jpg,/objects/thumbs/nws_newsletter_oct_1974_planning_ak_meeting_1975c_th.jpg,scanned Northwest Section newsletter page,
aktws0066,"Northwest Section Newsletter, October 1974",AKTWS,1974-10-25,"A Word document compiling the scanned pages of the October 1974 Northwest Section newsletter, which announced planning for the 1975 Anchorage annual conference.",newsletters; Northwest Section,,,,Alaska Chapter of the Wildlife Society Collection,Text,application/vnd.openxmlformats-officedocument.wordprocessingml.document,eng,"In copyright, educational use permitted. Educational use includes non-commercial reproduction of text and images in materials for teaching and research purposes. For other contexts beyond fair use, including digital reproduction, please contact the Alaska Chapter of The Wildlife Society at twsalaska@gmail.com. The Alaska Chapter of The Wildlife Society is not liable for any violations of the law by users.",http://rightsstatements.org/vocab/InC-NC/1.0/,,oct_1974_northwest_section_tws_newsletter_planning_anchorage_meeting_1975,/objects/oct_1974_northwest_section_tws_newsletter_planning_anchorage_meeting_1975.docx,/objects/small/oct_1974_northwest_section_tws_newsletter_planning_anchorage_meeting_1975_sm.jpg,/objects/thumbs/oct_1974_northwest_section_tws_newsletter_planning_anchorage_meeting_1975_th.jpg,compiled scans of 1974 Northwest Section newsletter,
aktws0067,"Alaska Chapter Newsletter, December 1974",AKTWS,1974-12-01,"The December 1974 newsletter of the Alaska Chapter of The Wildlife Society, announcing the January 7, 1975 annual meeting in Anchorage and listing business items including the Northwest Section meeting, Nunivak muskox, the Alaska Wildlife high school course, and officer elections. The earliest Chapter newsletter in the collection.",newsletters,"Anchorage, Alaska",61.2181,-149.9003,Alaska Chapter of the Wildlife Society Collection,Image;StillImage,image/jpeg,eng,"In copyright, educational use permitted. Educational use includes non-commercial reproduction of text and images in materials for teaching and research purposes. For other contexts beyond fair use, including digital reproduction, please contact the Alaska Chapter of The Wildlife Society at twsalaska@gmail.com. The Alaska Chapter of The Wildlife Society is not liable for any violations of the law by users.",http://rightsstatements.org/vocab/InC-NC/1.0/,,dec_74_newsletter,/objects/dec_74_newsletter.jpg,/objects/small/dec_74_newsletter_sm.jpg,/objects/thumbs/dec_74_newsletter_th.jpg,scanned typewritten 1974 chapter newsletter,
aktws0068,"Alaska Chapter Newsletter, December 1974 (Word version)",AKTWS,1974-12-01,A Word document containing the scanned December 1974 newsletter of the Alaska Chapter of The Wildlife Society.,newsletters,,,,Alaska Chapter of the Wildlife Society Collection,Text,application/vnd.openxmlformats-officedocument.wordprocessingml.document,eng,"In copyright, educational use permitted. Educational use includes non-commercial reproduction of text and images in materials for teaching and research purposes. For other contexts beyond fair use, including digital reproduction, please contact the Alaska Chapter of The Wildlife Society at twsalaska@gmail.com. The Alaska Chapter of The Wildlife Society is not liable for any violations of the law by users.",http://rightsstatements.org/vocab/InC-NC/1.0/,,december_1974_newsletter_ak_tws,/objects/december_1974_newsletter_ak_tws.docx,/objects/small/december_1974_newsletter_ak_tws_sm.jpg,/objects/thumbs/december_1974_newsletter_ak_tws_th.jpg,compiled scan of 1974 chapter newsletter,
aktws0069,"Open Memorandum from Bob Weeden on The Wildlife Society's Building Plans, 13 March 1978","Weeden, Robert B.",1978-03-13,"An open memorandum from Robert Weeden to the Alaska Chapter, written at Dick Bishop's request, supporting The Wildlife Society's plan to build a headquarters on the Grosvenor estate near Washington, D.C. and urging members to contribute to the building fund.",correspondence; The Wildlife Society,,,,Alaska Chapter of the Wildlife Society Collection,Image;StillImage,image/jpeg,eng,"In copyright, educational use permitted. Educational use includes non-commercial reproduction of text and images in materials for teaching and research purposes. For other contexts beyond fair use, including digital reproduction, please contact the Alaska Chapter of The Wildlife Society at twsalaska@gmail.com. The Alaska Chapter of The Wildlife Society is not liable for any violations of the law by users.",http://rightsstatements.org/vocab/InC-NC/1.0/,,bishop_comment_tws_building_1978,/objects/bishop_comment_tws_building_1978.jpg,/objects/small/bishop_comment_tws_building_1978_sm.jpg,/objects/thumbs/bishop_comment_tws_building_1978_th.jpg,scanned typewritten open memorandum,
aktws0070,"Weeden Memorandum on The Wildlife Society's Building Plans, 1978 (Word version)","Weeden, Robert B.",1978-03-13,A Word document containing the scanned 13 March 1978 open memorandum from Robert Weeden to the Alaska Chapter on The Wildlife Society's headquarters building plans.,correspondence; The Wildlife Society,,,,Alaska Chapter of the Wildlife Society Collection,Text,application/vnd.openxmlformats-officedocument.wordprocessingml.document,eng,"In copyright, educational use permitted. Educational use includes non-commercial reproduction of text and images in materials for teaching and research purposes. For other contexts beyond fair use, including digital reproduction, please contact the Alaska Chapter of The Wildlife Society at twsalaska@gmail.com. The Alaska Chapter of The Wildlife Society is not liable for any violations of the law by users.",http://rightsstatements.org/vocab/InC-NC/1.0/,,bishop_comment_tws_building_1978_docx,/objects/bishop_comment_tws_building_1978_docx.docx,/objects/small/bishop_comment_tws_building_1978_docx_sm.jpg,/objects/thumbs/bishop_comment_tws_building_1978_docx_th.jpg,compiled scan of 1978 memorandum,
aktws0071,"Weeden Reply to David Kelleyhouse on the Draft Fire Management Position, 6 April 1978","Weeden, Robert B.",1978-04-06,"A letter from Robert B. Weeden, Professor of Resource Management, to David Kelleyhouse of the ADF&G Game Division, commenting on the Alaska Chapter's draft fire management position and questioning the policy language on mandatory initial attack.",correspondence; position statements,"Fairbanks, Alaska",64.8378,-147.7164,Alaska Chapter of the Wildlife Society Collection,Image;StillImage,image/jpeg,eng,"In copyright, educational use permitted. Educational use includes non-commercial reproduction of text and images in materials for teaching and research purposes. For other contexts beyond fair use, including digital reproduction, please contact the Alaska Chapter of The Wildlife Society at twsalaska@gmail.com. The Alaska Chapter of The Wildlife Society is not liable for any violations of the law by users.",http://rightsstatements.org/vocab/InC-NC/1.0/,,weeded_reply_kelleyhouse_proposed_fire_management_position_1978,/objects/weeded_reply_kelleyhouse_proposed_fire_management_position_1978.jpg,/objects/small/weeded_reply_kelleyhouse_proposed_fire_management_position_1978_sm.jpg,/objects/thumbs/weeded_reply_kelleyhouse_proposed_fire_management_position_1978_th.jpg,scanned typewritten letter,
aktws0072,"Weeden Reply to Kelleyhouse on the Draft Fire Management Position, 1978 (Word version)","Weeden, Robert B.",1978-04-06,A Word document containing the scanned 6 April 1978 letter from Robert Weeden to David Kelleyhouse commenting on the Alaska Chapter's draft fire management position.,correspondence; position statements,,,,Alaska Chapter of the Wildlife Society Collection,Text,application/vnd.openxmlformats-officedocument.wordprocessingml.document,eng,"In copyright, educational use permitted. Educational use includes non-commercial reproduction of text and images in materials for teaching and research purposes. For other contexts beyond fair use, including digital reproduction, please contact the Alaska Chapter of The Wildlife Society at twsalaska@gmail.com. The Alaska Chapter of The Wildlife Society is not liable for any violations of the law by users.",http://rightsstatements.org/vocab/InC-NC/1.0/,,weeden_reply_to_kelleyhouse_fire_management_draft_proposal_1978,/objects/weeden_reply_to_kelleyhouse_fire_management_draft_proposal_1978.docx,/objects/small/weeden_reply_to_kelleyhouse_fire_management_draft_proposal_1978_sm.jpg,/objects/thumbs/weeden_reply_to_kelleyhouse_fire_management_draft_proposal_1978_th.jpg,compiled scan of 1978 letter,
aktws0073,TWS Position Statement: Recognition of Wildlife Needs in Forest Management (page 1),AKTWS,1979,"The first page of The Wildlife Society position statement on recognition of wildlife needs in forest management, setting out three principles for maintaining healthy functioning ecosystems and ecologically acceptable forest management.",position statements,,,,Alaska Chapter of the Wildlife Society Collection,Image;StillImage,image/jpeg,eng,"In copyright, educational use permitted. Educational use includes non-commercial reproduction of text and images in materials for teaching and research purposes. For other contexts beyond fair use, including digital reproduction, please contact the Alaska Chapter of The Wildlife Society at twsalaska@gmail.com. The Alaska Chapter of The Wildlife Society is not liable for any violations of the law by users.",http://rightsstatements.org/vocab/InC-NC/1.0/,,forest1,/objects/forest1.jpg,/objects/small/forest1_sm.jpg,/objects/thumbs/forest1_th.jpg,scanned Wildlife Society position statement on letterhead,
aktws0074,TWS Position Statement: Recognition of Wildlife Needs in Forest Management (page 2),AKTWS,1979,"Page two of The Wildlife Society position statement on recognition of wildlife needs in forest management, continuing the Society's recommended policy actions.",position statements,,,,Alaska Chapter of the Wildlife Society Collection,Image;StillImage,image/jpeg,eng,"In copyright, educational use permitted. Educational use includes non-commercial reproduction of text and images in materials for teaching and research purposes. For other contexts beyond fair use, including digital reproduction, please contact the Alaska Chapter of The Wildlife Society at twsalaska@gmail.com. The Alaska Chapter of The Wildlife Society is not liable for any violations of the law by users.",http://rightsstatements.org/vocab/InC-NC/1.0/,,forest2,/objects/forest2.jpg,/objects/small/forest2_sm.jpg,/objects/thumbs/forest2_th.jpg,scanned Wildlife Society position statement page,
aktws0075,"TWS Position Statement: Recognition of Wildlife Needs in Forest Management, 1979 (Word version)",AKTWS,1979,A Word document containing the scanned pages of The Wildlife Society position statement on recognition of wildlife needs in forest management.,position statements,,,,Alaska Chapter of the Wildlife Society Collection,Text,application/vnd.openxmlformats-officedocument.wordprocessingml.document,eng,"In copyright, educational use permitted. Educational use includes non-commercial reproduction of text and images in materials for teaching and research purposes. For other contexts beyond fair use, including digital reproduction, please contact the Alaska Chapter of The Wildlife Society at twsalaska@gmail.com. The Alaska Chapter of The Wildlife Society is not liable for any violations of the law by users.",http://rightsstatements.org/vocab/InC-NC/1.0/,,tws_position_wildlife_needs_forest_management_1979,/objects/tws_position_wildlife_needs_forest_management_1979.docx,/objects/small/tws_position_wildlife_needs_forest_management_1979_sm.jpg,/objects/thumbs/tws_position_wildlife_needs_forest_management_1979_th.jpg,compiled scan of forest management position statement,
aktws0076,"Memorandum from Lewis Nelson Jr. on Revising TWS Position Statements, 3 May 1979 (page 1)","Nelson, Lewis Jr.",1979-05-03,"A memorandum from Lewis Nelson Jr., Chairman of The Wildlife Society Position Statements Committee, to committee members including Bob Weeden, assigning tasks for the revision of the Society's numbered position statements.",correspondence; position statements,"Moscow, Idaho",46.7324,-117.0002,Alaska Chapter of the Wildlife Society Collection,Image;StillImage,image/jpeg,eng,"In copyright, educational use permitted. Educational use includes non-commercial reproduction of text and images in materials for teaching and research purposes. For other contexts beyond fair use, including digital reproduction, please contact the Alaska Chapter of The Wildlife Society at twsalaska@gmail.com. The Alaska Chapter of The Wildlife Society is not liable for any violations of the law by users.",http://rightsstatements.org/vocab/InC-NC/1.0/,,17_tws_positions_1979,/objects/17_tws_positions_1979.jpg,/objects/small/17_tws_positions_1979_sm.jpg,/objects/thumbs/17_tws_positions_1979_th.jpg,photograph of a typewritten committee memorandum,
aktws0077,"Memorandum from Lewis Nelson Jr. on Revising TWS Position Statements, 3 May 1979 (page 2)","Nelson, Lewis Jr.",1979-05-03,"Page two of the 3 May 1979 memorandum, assigning revisions for the petroleum development in arctic and subarctic regions, shooting preserves, and sport hunting statements, and asking Bob Weeden to draft a revision of the recreational hunting position.",correspondence; position statements,"Moscow, Idaho",46.7324,-117.0002,Alaska Chapter of the Wildlife Society Collection,Image;StillImage,image/jpeg,eng,"In copyright, educational use permitted. Educational use includes non-commercial reproduction of text and images in materials for teaching and research purposes. For other contexts beyond fair use, including digital reproduction, please contact the Alaska Chapter of The Wildlife Society at twsalaska@gmail.com. The Alaska Chapter of The Wildlife Society is not liable for any violations of the law by users.",http://rightsstatements.org/vocab/InC-NC/1.0/,,17_tws_positions_1979b,/objects/17_tws_positions_1979b.jpg,/objects/small/17_tws_positions_1979b_sm.jpg,/objects/thumbs/17_tws_positions_1979b_th.jpg,photograph of a typewritten committee memorandum page,
aktws0078,"Memorandum from Lewis Nelson Jr. on Revising TWS Position Statements, 3 May 1979 (page 3)","Nelson, Lewis Jr.",1979-05-03,"Page three of the 3 May 1979 memorandum, setting a June 8 deadline for committee comments and giving Lew Nelson's contact information at the Department of Wildlife, University of Idaho.",correspondence; position statements,"Moscow, Idaho",46.7324,-117.0002,Alaska Chapter of the Wildlife Society Collection,Image;StillImage,image/jpeg,eng,"In copyright, educational use permitted. Educational use includes non-commercial reproduction of text and images in materials for teaching and research purposes. For other contexts beyond fair use, including digital reproduction, please contact the Alaska Chapter of The Wildlife Society at twsalaska@gmail.com. The Alaska Chapter of The Wildlife Society is not liable for any violations of the law by users.",http://rightsstatements.org/vocab/InC-NC/1.0/,,17_tws_positions_1979c,/objects/17_tws_positions_1979c.jpg,/objects/small/17_tws_positions_1979c_sm.jpg,/objects/thumbs/17_tws_positions_1979c_th.jpg,photograph of a typewritten committee memorandum page,
aktws0079,"TWS Position Statements Committee Correspondence, 1979","Nelson, Lewis Jr.",1979-05-03,A Word document compiling the scanned pages of the 1979 correspondence from The Wildlife Society Position Statements Committee on the revision of the Society's position statements.,correspondence; position statements,,,,Alaska Chapter of the Wildlife Society Collection,Text,application/vnd.openxmlformats-officedocument.wordprocessingml.document,eng,"In copyright, educational use permitted. Educational use includes non-commercial reproduction of text and images in materials for teaching and research purposes. For other contexts beyond fair use, including digital reproduction, please contact the Alaska Chapter of The Wildlife Society at twsalaska@gmail.com. The Alaska Chapter of The Wildlife Society is not liable for any violations of the law by users.",http://rightsstatements.org/vocab/InC-NC/1.0/,,tws_17_position_statements_1979,/objects/tws_17_position_statements_1979.docx,/objects/small/tws_17_position_statements_1979_sm.jpg,/objects/thumbs/tws_17_position_statements_1979_th.jpg,compiled scans of 1979 committee correspondence,
aktws0080,"Draft Position Statement on Recreational Hunting by R. B. Weeden, 24 May 1979","Weeden, Robert B.",1979-05-24,"Robert B. Weeden's draft of The Wildlife Society position statement on recreational hunting, framing hunting as an ancient human activity and setting out four policy commitments for the Society.",position statements,,,,Alaska Chapter of the Wildlife Society Collection,Image;StillImage,image/jpeg,eng,"In copyright, educational use permitted. Educational use includes non-commercial reproduction of text and images in materials for teaching and research purposes. For other contexts beyond fair use, including digital reproduction, please contact the Alaska Chapter of The Wildlife Society at twsalaska@gmail.com. The Alaska Chapter of The Wildlife Society is not liable for any violations of the law by users.",http://rightsstatements.org/vocab/InC-NC/1.0/,,weeded_recreational_hunting_position_draft_1979,/objects/weeded_recreational_hunting_position_draft_1979.jpg,/objects/small/weeded_recreational_hunting_position_draft_1979_sm.jpg,/objects/thumbs/weeded_recreational_hunting_position_draft_1979_th.jpg,photograph of a typewritten draft position statement,
aktws0081,"Weeden Draft Position Statement on Recreational Hunting, 1979 (Word version)","Weeden, Robert B.",1979-05-24,A Word document containing the scanned draft position statement on recreational hunting prepared by Robert B. Weeden in May 1979.,position statements,,,,Alaska Chapter of the Wildlife Society Collection,Text,application/vnd.openxmlformats-officedocument.wordprocessingml.document,eng,"In copyright, educational use permitted. Educational use includes non-commercial reproduction of text and images in materials for teaching and research purposes. For other contexts beyond fair use, including digital reproduction, please contact the Alaska Chapter of The Wildlife Society at twsalaska@gmail.com. The Alaska Chapter of The Wildlife Society is not liable for any violations of the law by users.",http://rightsstatements.org/vocab/InC-NC/1.0/,,weeden_recreational_hunting_position_draft_1_1979,/objects/weeden_recreational_hunting_position_draft_1_1979.docx,/objects/small/weeden_recreational_hunting_position_draft_1_1979_sm.jpg,/objects/thumbs/weeden_recreational_hunting_position_draft_1_1979_th.jpg,compiled scan of 1979 draft position statement,
aktws0082,"Draft Position Statement on Wilderness Management, 1981 (page 1)","Hensel, Richard J.",1981-02-20,"The first page of the Alaska Chapter draft position statement on wilderness management, addressing the implementation of ANILCA across four federal land management agencies, with handwritten editorial comments in the margins.",position statements,,,,Alaska Chapter of the Wildlife Society Collection,Image;StillImage,image/jpeg,eng,"In copyright, educational use permitted. Educational use includes non-commercial reproduction of text and images in materials for teaching and research purposes. For other contexts beyond fair use, including digital reproduction, please contact the Alaska Chapter of The Wildlife Society at twsalaska@gmail.com. The Alaska Chapter of The Wildlife Society is not liable for any violations of the law by users.",http://rightsstatements.org/vocab/InC-NC/1.0/,,hensel_wilderness_management_draft_position_1981b,/objects/hensel_wilderness_management_draft_position_1981b.jpg,/objects/small/hensel_wilderness_management_draft_position_1981b_sm.jpg,/objects/thumbs/hensel_wilderness_management_draft_position_1981b_th.jpg,scanned draft position statement with handwritten edits,
aktws0083,"Draft Position Statement on Wilderness Management, 1981 (page 2)","Hensel, Richard J.",1981-02-20,"Page two of the Alaska Chapter draft position statement on wilderness management, with handwritten editorial comments.",position statements,,,,Alaska Chapter of the Wildlife Society Collection,Image;StillImage,image/jpeg,eng,"In copyright, educational use permitted. Educational use includes non-commercial reproduction of text and images in materials for teaching and research purposes. For other contexts beyond fair use, including digital reproduction, please contact the Alaska Chapter of The Wildlife Society at twsalaska@gmail.com. The Alaska Chapter of The Wildlife Society is not liable for any violations of the law by users.",http://rightsstatements.org/vocab/InC-NC/1.0/,,hensel_wilderness_management_draft_position_1981c,/objects/hensel_wilderness_management_draft_position_1981c.jpg,/objects/small/hensel_wilderness_management_draft_position_1981c_sm.jpg,/objects/thumbs/hensel_wilderness_management_draft_position_1981c_th.jpg,scanned draft position statement page with handwritten edits,
aktws0084,"Draft Position Statement on Wilderness Management, 1981 (page 3)","Hensel, Richard J.",1981-02-20,"Page three of the Alaska Chapter draft position statement on wilderness management, with handwritten editorial comments.",position statements,,,,Alaska Chapter of the Wildlife Society Collection,Image;StillImage,image/jpeg,eng,"In copyright, educational use permitted. Educational use includes non-commercial reproduction of text and images in materials for teaching and research purposes. For other contexts beyond fair use, including digital reproduction, please contact the Alaska Chapter of The Wildlife Society at twsalaska@gmail.com. The Alaska Chapter of The Wildlife Society is not liable for any violations of the law by users.",http://rightsstatements.org/vocab/InC-NC/1.0/,,hensel_wilderness_management_draft_position_1981d,/objects/hensel_wilderness_management_draft_position_1981d.jpg,/objects/small/hensel_wilderness_management_draft_position_1981d_sm.jpg,/objects/thumbs/hensel_wilderness_management_draft_position_1981d_th.jpg,scanned draft position statement page with handwritten edits,
aktws0085,"Hensel and Weeden Correspondence on the Draft Wilderness Management Position, 1981","Hensel, Richard J.; Weeden, Robert B.",1981-02-20,A Word document compiling the scanned pages of the 1981 correspondence between Dick Hensel and Robert Weeden on the Alaska Chapter draft position statement on wilderness management.,position statements; correspondence,,,,Alaska Chapter of the Wildlife Society Collection,Text,application/vnd.openxmlformats-officedocument.wordprocessingml.document,eng,"In copyright, educational use permitted. Educational use includes non-commercial reproduction of text and images in materials for teaching and research purposes. For other contexts beyond fair use, including digital reproduction, please contact the Alaska Chapter of The Wildlife Society at twsalaska@gmail.com. The Alaska Chapter of The Wildlife Society is not liable for any violations of the law by users.",http://rightsstatements.org/vocab/InC-NC/1.0/,,hensel_weeden_wilderness_management_draft_position_1981,/objects/hensel_weeden_wilderness_management_draft_position_1981.docx,/objects/small/hensel_weeden_wilderness_management_draft_position_1981_sm.jpg,/objects/thumbs/hensel_weeden_wilderness_management_draft_position_1981_th.jpg,compiled scans of 1981 correspondence,
aktws0086,"Memorandum from Dick Hensel Circulating the Draft Wilderness Management Position, 20 February 1981","Hensel, Richard J.",1981-02-20,"A memorandum from Dick Hensel to Dave Klein, Paul Harrington, and Bob Weeden circulating the first draft of the Alaska Chapter position statement on wilderness management for review, with copies to six other cooperators.",position statements; correspondence,"Anchorage, Alaska",61.2181,-149.9003,Alaska Chapter of the Wildlife Society Collection,Image;StillImage,image/jpeg,eng,"In copyright, educational use permitted. Educational use includes non-commercial reproduction of text and images in materials for teaching and research purposes. For other contexts beyond fair use, including digital reproduction, please contact the Alaska Chapter of The Wildlife Society at twsalaska@gmail.com. The Alaska Chapter of The Wildlife Society is not liable for any violations of the law by users.",http://rightsstatements.org/vocab/InC-NC/1.0/,,hensel_wilderness_management_draft_position_1981,/objects/hensel_wilderness_management_draft_position_1981.jpg,/objects/small/hensel_wilderness_management_draft_position_1981_sm.jpg,/objects/thumbs/hensel_wilderness_management_draft_position_1981_th.jpg,scanned typewritten memorandum,
aktws0087,"Weeden Reply to Dick Hensel on the Draft Wilderness Management Position, 4 March 1981 (page 1)","Weeden, Robert B.",1981-03-04,A letter from Robert Weeden to Dick Hensel disagreeing with the draft's emphasis on systematic cropping of game populations and arguing that the paramount goal of wilderness management is to maintain the wild character of land and biota.,position statements; correspondence,,,,Alaska Chapter of the Wildlife Society Collection,Image;StillImage,image/jpeg,eng,"In copyright, educational use permitted. Educational use includes non-commercial reproduction of text and images in materials for teaching and research purposes. For other contexts beyond fair use, including digital reproduction, please contact the Alaska Chapter of The Wildlife Society at twsalaska@gmail.com. The Alaska Chapter of The Wildlife Society is not liable for any violations of the law by users.",http://rightsstatements.org/vocab/InC-NC/1.0/,,weeden_reply_to_hensel_wilderness_management_draft_position_1981,/objects/weeden_reply_to_hensel_wilderness_management_draft_position_1981.jpg,/objects/small/weeden_reply_to_hensel_wilderness_management_draft_position_1981_sm.jpg,/objects/thumbs/weeden_reply_to_hensel_wilderness_management_draft_position_1981_th.jpg,scanned typewritten letter,
aktws0088,"Weeden Reply to Dick Hensel on the Draft Wilderness Management Position, 4 March 1981 (page 2)","Weeden, Robert B.",1981-03-04,Page two of Robert Weeden's 4 March 1981 reply to Dick Hensel on the Alaska Chapter draft position statement on wilderness management.,position statements; correspondence,,,,Alaska Chapter of the Wildlife Society Collection,Image;StillImage,image/jpeg,eng,"In copyright, educational use permitted. Educational use includes non-commercial reproduction of text and images in materials for teaching and research purposes. For other contexts beyond fair use, including digital reproduction, please contact the Alaska Chapter of The Wildlife Society at twsalaska@gmail.com. The Alaska Chapter of The Wildlife Society is not liable for any violations of the law by users.",http://rightsstatements.org/vocab/InC-NC/1.0/,,weeden_reply_to_hensel_wilderness_management_draft_position_1981b,/objects/weeden_reply_to_hensel_wilderness_management_draft_position_1981b.jpg,/objects/small/weeden_reply_to_hensel_wilderness_management_draft_position_1981b_sm.jpg,/objects/thumbs/weeden_reply_to_hensel_wilderness_management_draft_position_1981b_th.jpg,scanned typewritten letter page,
aktws0089,"Bookhout Solicitation and Weeden Reply on the Future of The Wildlife Society, 1983","Bookhout, T. A.; Weeden, Robert B.",1983-06-08,A Word document compiling the scanned pages of T. A. Bookhout's 1983 solicitation to past TWS Council members for the Society's 50-year history and Robert Weeden's reply.,correspondence; The Wildlife Society,,,,Alaska Chapter of the Wildlife Society Collection,Text,application/vnd.openxmlformats-officedocument.wordprocessingml.document,eng,"In copyright, educational use permitted. Educational use includes non-commercial reproduction of text and images in materials for teaching and research purposes. For other contexts beyond fair use, including digital reproduction, please contact the Alaska Chapter of The Wildlife Society at twsalaska@gmail.com. The Alaska Chapter of The Wildlife Society is not liable for any violations of the law by users.",http://rightsstatements.org/vocab/InC-NC/1.0/,,bookhout_solicitation_for_book_on_future_of_tws_weeden_reply_1983,/objects/bookhout_solicitation_for_book_on_future_of_tws_weeden_reply_1983.docx,/objects/small/bookhout_solicitation_for_book_on_future_of_tws_weeden_reply_1983_sm.jpg,/objects/thumbs/bookhout_solicitation_for_book_on_future_of_tws_weeden_reply_1983_th.jpg,compiled scans of 1983 correspondence,
aktws0090,"Bookhout Topic Sheet for the TWS 50-Year History, 1983 (page 1)","Bookhout, T. A.",1983-06-08,"The first page of the accompanying topic sheet circulated with Bookhout's 1983 letter, posing questions on membership, professional standards and certification, publications, and conservation affairs.",correspondence; The Wildlife Society,"Bethesda, Maryland",38.9847,-77.0947,Alaska Chapter of the Wildlife Society Collection,Image;StillImage,image/jpeg,eng,"In copyright, educational use permitted. Educational use includes non-commercial reproduction of text and images in materials for teaching and research purposes. For other contexts beyond fair use, including digital reproduction, please contact the Alaska Chapter of The Wildlife Society at twsalaska@gmail.com. The Alaska Chapter of The Wildlife Society is not liable for any violations of the law by users.",http://rightsstatements.org/vocab/InC-NC/1.0/,,bookhout_letter_to_past_council_members_2,/objects/bookhout_letter_to_past_council_members_2.jpg,/objects/small/bookhout_letter_to_past_council_members_2_sm.jpg,/objects/thumbs/bookhout_letter_to_past_council_members_2_th.jpg,scanned typewritten questionnaire page,
aktws0091,"Bookhout Topic Sheet for the TWS 50-Year History, 1983 (page 2)","Bookhout, T. A.",1983-06-08,"The second page of the topic sheet circulated with Bookhout's 1983 letter, asking about the advantages of Washington, D.C. headquarters, the visibility of TWS in conservation affairs, and any remaining concerns about the Society's future.",correspondence; The Wildlife Society,"Bethesda, Maryland",38.9847,-77.0947,Alaska Chapter of the Wildlife Society Collection,Image;StillImage,image/jpeg,eng,"In copyright, educational use permitted. Educational use includes non-commercial reproduction of text and images in materials for teaching and research purposes. For other contexts beyond fair use, including digital reproduction, please contact the Alaska Chapter of The Wildlife Society at twsalaska@gmail.com. The Alaska Chapter of The Wildlife Society is not liable for any violations of the law by users.",http://rightsstatements.org/vocab/InC-NC/1.0/,,bookhout_letter_to_past_council_members_3,/objects/bookhout_letter_to_past_council_members_3.jpg,/objects/small/bookhout_letter_to_past_council_members_3_sm.jpg,/objects/thumbs/bookhout_letter_to_past_council_members_3_th.jpg,scanned typewritten questionnaire page,
aktws0092,"Letter from T. A. Bookhout to Past TWS Council Members, 8 June 1983 (page 1)","Bookhout, T. A.",1983-06-08,"A letter from T. A. Bookhout to past members of The Wildlife Society Council, requesting their views for ""The Future,"" the final chapter of the 50-year history of The Wildlife Society to be published in the Wildlife Society Bulletin.",correspondence; The Wildlife Society,"Bethesda, Maryland",38.9847,-77.0947,Alaska Chapter of the Wildlife Society Collection,Image;StillImage,image/jpeg,eng,"In copyright, educational use permitted. Educational use includes non-commercial reproduction of text and images in materials for teaching and research purposes. For other contexts beyond fair use, including digital reproduction, please contact the Alaska Chapter of The Wildlife Society at twsalaska@gmail.com. The Alaska Chapter of The Wildlife Society is not liable for any violations of the law by users.",http://rightsstatements.org/vocab/InC-NC/1.0/,,bookhout_letter_to_past_council_members,/objects/bookhout_letter_to_past_council_members.jpg,/objects/small/bookhout_letter_to_past_council_members_sm.jpg,/objects/thumbs/bookhout_letter_to_past_council_members_th.jpg,scanned typewritten letter on Wildlife Society letterhead,
aktws0093,"Weeden Reply to T. A. Bookhout on the Future of The Wildlife Society, 23 June 1983 (page 1)","Weeden, Robert B.",1983-06-23,"Robert Weeden's reply to Bookhout, arguing that diversification is the dominant trend in wildlife and that TWS must link more vigorously with resource economists, foresters, engineers, and other partners in stewardship.",correspondence; The Wildlife Society,,,,Alaska Chapter of the Wildlife Society Collection,Image;StillImage,image/jpeg,eng,"In copyright, educational use permitted. Educational use includes non-commercial reproduction of text and images in materials for teaching and research purposes. For other contexts beyond fair use, including digital reproduction, please contact the Alaska Chapter of The Wildlife Society at twsalaska@gmail.com. The Alaska Chapter of The Wildlife Society is not liable for any violations of the law by users.",http://rightsstatements.org/vocab/InC-NC/1.0/,,bookhout_letter_to_past_council_members_4,/objects/bookhout_letter_to_past_council_members_4.jpg,/objects/small/bookhout_letter_to_past_council_members_4_sm.jpg,/objects/thumbs/bookhout_letter_to_past_council_members_4_th.jpg,scanned typewritten letter,
aktws0094,"Weeden Reply to T. A. Bookhout on the Future of The Wildlife Society, 23 June 1983 (page 2)","Weeden, Robert B.",1983-06-23,"Page two of Weeden's 23 June 1983 reply, describing the rift between federal and state wildlife professionals in Alaska and suggesting work exchange programs, joint workshops, and joint field projects to turn hostility into useful energy.",correspondence; The Wildlife Society,,,,Alaska Chapter of the Wildlife Society Collection,Image;StillImage,image/jpeg,eng,"In copyright, educational use permitted. Educational use includes non-commercial reproduction of text and images in materials for teaching and research purposes. For other contexts beyond fair use, including digital reproduction, please contact the Alaska Chapter of The Wildlife Society at twsalaska@gmail.com. The Alaska Chapter of The Wildlife Society is not liable for any violations of the law by users.",http://rightsstatements.org/vocab/InC-NC/1.0/,,bookhout_letter_to_past_council_members_5,/objects/bookhout_letter_to_past_council_members_5.jpg,/objects/small/bookhout_letter_to_past_council_members_5_sm.jpg,/objects/thumbs/bookhout_letter_to_past_council_members_5_th.jpg,scanned typewritten letter page with signature,
aktws0095,Position Statement: Old-Growth Forest Management in Coastal Alaska,AKTWS,1985-06-01,"The Alaska Chapter position statement on old-growth forest management in coastal Alaska, describing old-growth as a rare and rapidly diminishing resource providing important habitat for many species of wildlife and fish.",position statements,,,,Alaska Chapter of the Wildlife Society Collection,Text,application/pdf,eng,"In copyright, educational use permitted. Educational use includes non-commercial reproduction of text and images in materials for teaching and research purposes. For other contexts beyond fair use, including digital reproduction, please contact the Alaska Chapter of The Wildlife Society at twsalaska@gmail.com. The Alaska Chapter of The Wildlife Society is not liable for any violations of the law by users.",http://rightsstatements.org/vocab/InC-NC/1.0/,,ak_tws_1985_position_statement_old_growth,/objects/ak_tws_1985_position_statement_old_growth.pdf,/objects/small/ak_tws_1985_position_statement_old_growth_sm.jpg,/objects/thumbs/ak_tws_1985_position_statement_old_growth_th.jpg,position statement document,
aktws0096,"Draft Position Paper on the Arctic National Wildlife Refuge, 1987 (page 1)","Weeden, Robert B.",1987,"The first draft of an Alaska Chapter position paper on the Arctic National Wildlife Refuge, reviewing the Refuge's 1960 establishment, the 1980 ANILCA expansion, and the Secretary of the Interior's recommendation to allow leasing on the coastal plain.",position statements,,,,Alaska Chapter of the Wildlife Society Collection,Image;StillImage,image/jpeg,eng,"In copyright, educational use permitted. Educational use includes non-commercial reproduction of text and images in materials for teaching and research purposes. For other contexts beyond fair use, including digital reproduction, please contact the Alaska Chapter of The Wildlife Society at twsalaska@gmail.com. The Alaska Chapter of The Wildlife Society is not liable for any violations of the law by users.",http://rightsstatements.org/vocab/InC-NC/1.0/,,weeden_anwr_position_draft_1987,/objects/weeden_anwr_position_draft_1987.jpg,/objects/small/weeden_anwr_position_draft_1987_sm.jpg,/objects/thumbs/weeden_anwr_position_draft_1987_th.jpg,scanned typewritten draft position paper,
aktws0097,"Draft Position Paper on the Arctic National Wildlife Refuge, 1987 (page 2)","Weeden, Robert B.",1987,Page two of the 1987 draft Alaska Chapter position paper on the Arctic National Wildlife Refuge.,position statements,,,,Alaska Chapter of the Wildlife Society Collection,Image;StillImage,image/jpeg,eng,"In copyright, educational use permitted. Educational use includes non-commercial reproduction of text and images in materials for teaching and research purposes. For other contexts beyond fair use, including digital reproduction, please contact the Alaska Chapter of The Wildlife Society at twsalaska@gmail.com. The Alaska Chapter of The Wildlife Society is not liable for any violations of the law by users.",http://rightsstatements.org/vocab/InC-NC/1.0/,,weeden_anwr_position_draft_1987b,/objects/weeden_anwr_position_draft_1987b.jpg,/objects/small/weeden_anwr_position_draft_1987b_sm.jpg,/objects/thumbs/weeden_anwr_position_draft_1987b_th.jpg,scanned typewritten draft position paper page,
aktws0098,"Draft Position Paper on the Arctic National Wildlife Refuge, 1987 (page 3)","Weeden, Robert B.",1987,Page three of the 1987 draft Alaska Chapter position paper on the Arctic National Wildlife Refuge.,position statements,,,,Alaska Chapter of the Wildlife Society Collection,Image;StillImage,image/jpeg,eng,"In copyright, educational use permitted. Educational use includes non-commercial reproduction of text and images in materials for teaching and research purposes. For other contexts beyond fair use, including digital reproduction, please contact the Alaska Chapter of The Wildlife Society at twsalaska@gmail.com. The Alaska Chapter of The Wildlife Society is not liable for any violations of the law by users.",http://rightsstatements.org/vocab/InC-NC/1.0/,,weeden_anwr_position_draft_1987c,/objects/weeden_anwr_position_draft_1987c.jpg,/objects/small/weeden_anwr_position_draft_1987c_sm.jpg,/objects/thumbs/weeden_anwr_position_draft_1987c_th.jpg,scanned typewritten draft position paper page,
aktws0099,"Draft Position Paper on the Arctic National Wildlife Refuge, 1987 (page 4)","Weeden, Robert B.",1987,Page four of the 1987 draft Alaska Chapter position paper on the Arctic National Wildlife Refuge.,position statements,,,,Alaska Chapter of the Wildlife Society Collection,Image;StillImage,image/jpeg,eng,"In copyright, educational use permitted. Educational use includes non-commercial reproduction of text and images in materials for teaching and research purposes. For other contexts beyond fair use, including digital reproduction, please contact the Alaska Chapter of The Wildlife Society at twsalaska@gmail.com. The Alaska Chapter of The Wildlife Society is not liable for any violations of the law by users.",http://rightsstatements.org/vocab/InC-NC/1.0/,,weeden_anwr_position_draft_1987d,/objects/weeden_anwr_position_draft_1987d.jpg,/objects/small/weeden_anwr_position_draft_1987d_sm.jpg,/objects/thumbs/weeden_anwr_position_draft_1987d_th.jpg,scanned typewritten draft position paper page,
aktws0100,"Weeden Draft Position Paper on the Arctic National Wildlife Refuge, 1987 (Word version)","Weeden, Robert B.",1987,A Word document compiling the scanned pages of the first draft Alaska Chapter position paper on the Arctic National Wildlife Refuge prepared by Robert Weeden in 1987.,position statements,,,,Alaska Chapter of the Wildlife Society Collection,Text,application/vnd.openxmlformats-officedocument.wordprocessingml.document,eng,"In copyright, educational use permitted. Educational use includes non-commercial reproduction of text and images in materials for teaching and research purposes. For other contexts beyond fair use, including digital reproduction, please contact the Alaska Chapter of The Wildlife Society at twsalaska@gmail.com. The Alaska Chapter of The Wildlife Society is not liable for any violations of the law by users.",http://rightsstatements.org/vocab/InC-NC/1.0/,,weeden_anwr_position_draft_1_1987,/objects/weeden_anwr_position_draft_1_1987.docx,/objects/small/weeden_anwr_position_draft_1_1987_sm.jpg,/objects/thumbs/weeden_anwr_position_draft_1_1987_th.jpg,compiled scans of 1987 draft position paper,
aktws0101,Position Statement: Wetland Management in Alaska,AKTWS,1990,"The Alaska Chapter position statement on wetland management in Alaska, describing wetlands as rearing and spawning areas for fish, nesting and staging areas for migratory waterfowl and shorebirds, and year-round mammal habitat.",position statements,,,,Alaska Chapter of the Wildlife Society Collection,Text,application/pdf,eng,"In copyright, educational use permitted. Educational use includes non-commercial reproduction of text and images in materials for teaching and research purposes. For other contexts beyond fair use, including digital reproduction, please contact the Alaska Chapter of The Wildlife Society at twsalaska@gmail.com. The Alaska Chapter of The Wildlife Society is not liable for any violations of the law by users.",http://rightsstatements.org/vocab/InC-NC/1.0/,,ak_tws_1990_position_statement_wetland_management,/objects/ak_tws_1990_position_statement_wetland_management.pdf,/objects/small/ak_tws_1990_position_statement_wetland_management_sm.jpg,/objects/thumbs/ak_tws_1990_position_statement_wetland_management_th.jpg,position statement document,
aktws0102,"Declaration of Matthew D. Kirchhoff in The Wildlife Society, Alaska Chapter v. Barton","Kirchhoff, Matthew D.",1993,"The court declaration of Matthew D. Kirchhoff filed in the U.S. District Court for the District of Alaska in the Kelp Bay case brought by the Alaska Chapter of The Wildlife Society, The Wilderness Society, and the Sierra Club against the Regional Forester and the U.S. Forest Service.",legal filings; correspondence,"Juneau, Alaska",58.3019,-134.4197,Alaska Chapter of the Wildlife Society Collection,Text,application/rtf,eng,"In copyright, educational use permitted. Educational use includes non-commercial reproduction of text and images in materials for teaching and research purposes. For other contexts beyond fair use, including digital reproduction, please contact the Alaska Chapter of The Wildlife Society at twsalaska@gmail.com. The Alaska Chapter of The Wildlife Society is not liable for any violations of the law by users.",http://rightsstatements.org/vocab/InC-NC/1.0/,,kirchhoff_testimony_ak_tws_kelp_bay_appeal_declaration_1993,/objects/kirchhoff_testimony_ak_tws_kelp_bay_appeal_declaration_1993.rtf,/objects/small/kirchhoff_testimony_ak_tws_kelp_bay_appeal_declaration_1993_sm.jpg,/objects/thumbs/kirchhoff_testimony_ak_tws_kelp_bay_appeal_declaration_1993_th.jpg,court declaration document,
aktws0103,Policy on Wolf Management in Alaska,AKTWS,1993,"A joint policy of The Wildlife Society and its Alaska Chapter on wolf management in Alaska, prepared in response to Governor Hickel's invitation to the Alaska wolf summit and setting out a professional perspective on predator control.",position statements,,,,Alaska Chapter of the Wildlife Society Collection,Text,application/pdf,eng,"In copyright, educational use permitted. Educational use includes non-commercial reproduction of text and images in materials for teaching and research purposes. For other contexts beyond fair use, including digital reproduction, please contact the Alaska Chapter of The Wildlife Society at twsalaska@gmail.com. The Alaska Chapter of The Wildlife Society is not liable for any violations of the law by users.",http://rightsstatements.org/vocab/InC-NC/1.0/,,ak_tws_1993_policy_wolf_management,/objects/ak_tws_1993_policy_wolf_management.pdf,/objects/small/ak_tws_1993_policy_wolf_management_sm.jpg,/objects/thumbs/ak_tws_1993_policy_wolf_management_th.jpg,scanned policy statement,
aktws0104,Position Statement: The Arctic National Wildlife Refuge,AKTWS,1993,"The Alaska Chapter position statement on the Arctic National Wildlife Refuge, reviewing the Refuge's establishment in 1960, its 1980 expansion under ANILCA, and the assessment of petroleum and wildlife values on the coastal plain.",position statements,,,,Alaska Chapter of the Wildlife Society Collection,Text,application/pdf,eng,"In copyright, educational use permitted. Educational use includes non-commercial reproduction of text and images in materials for teaching and research purposes. For other contexts beyond fair use, including digital reproduction, please contact the Alaska Chapter of The Wildlife Society at twsalaska@gmail.com. The Alaska Chapter of The Wildlife Society is not liable for any violations of the law by users.",http://rightsstatements.org/vocab/InC-NC/1.0/,,ak_tws_1993_position_statement_arctic_refuge,/objects/ak_tws_1993_position_statement_arctic_refuge.pdf,/objects/small/ak_tws_1993_position_statement_arctic_refuge_sm.jpg,/objects/thumbs/ak_tws_1993_position_statement_arctic_refuge_th.jpg,position statement document,
aktws0105,Resolution Urging the Exxon Valdez Oil Spill Council to Endow Academic Chairs (source document),AKTWS,1993,The word processing source document of the Alaska Chapter resolution urging the Exxon Valdez Oil Spill Council to work with the University of Alaska on a plan to endow up to 20 academic chairs in the biological sciences.,resolutions,,,,Alaska Chapter of the Wildlife Society Collection,Text,application/rtf,eng,"In copyright, educational use permitted. Educational use includes non-commercial reproduction of text and images in materials for teaching and research purposes. For other contexts beyond fair use, including digital reproduction, please contact the Alaska Chapter of The Wildlife Society at twsalaska@gmail.com. The Alaska Chapter of The Wildlife Society is not liable for any violations of the law by users.",http://rightsstatements.org/vocab/InC-NC/1.0/,,exxon_valdez_1993,/objects/exxon_valdez_1993.rtf,/objects/small/exxon_valdez_1993_sm.jpg,/objects/thumbs/exxon_valdez_1993_th.jpg,resolution source document,
aktws0106,Resolution Urging the Exxon Valdez Oil Spill Council to Endow Academic Chairs at the University of Alaska,AKTWS,1993,An Alaska Chapter resolution urging the Exxon Valdez Oil Spill Council to work with the University of Alaska on a plan to endow up to 20 academic chairs in the biological sciences to fulfill the long-term goals of the settlement.,resolutions,,,,Alaska Chapter of the Wildlife Society Collection,Text,application/pdf,eng,"In copyright, educational use permitted. Educational use includes non-commercial reproduction of text and images in materials for teaching and research purposes. For other contexts beyond fair use, including digital reproduction, please contact the Alaska Chapter of The Wildlife Society at twsalaska@gmail.com. The Alaska Chapter of The Wildlife Society is not liable for any violations of the law by users.",http://rightsstatements.org/vocab/InC-NC/1.0/,,ak_tws_1993_resolution_exxon_valdez_ua,/objects/ak_tws_1993_resolution_exxon_valdez_ua.pdf,/objects/small/ak_tws_1993_resolution_exxon_valdez_ua_sm.jpg,/objects/thumbs/ak_tws_1993_resolution_exxon_valdez_ua_th.jpg,resolution document,
aktws0107,A Model for Science-Based Conservation Advocacy: Tongass National Forest Case History,"Kirchhoff, Matthew D.; Schoen, John W.; Franklin, Thomas M.",1995,"A Wildlife Society Bulletin article (Autumn 1995, volume 23, number 3, pages 358-364) presenting the Tongass National Forest as a case history in science-based conservation advocacy.",reference materials; publications,,,,Alaska Chapter of the Wildlife Society Collection,Text,application/pdf,eng,"In copyright, educational use permitted. Educational use includes non-commercial reproduction of text and images in materials for teaching and research purposes. For other contexts beyond fair use, including digital reproduction, please contact the Alaska Chapter of The Wildlife Society at twsalaska@gmail.com. The Alaska Chapter of The Wildlife Society is not liable for any violations of the law by users.",http://rightsstatements.org/vocab/InC-NC/1.0/,,kirchhoff_et_al_1995_wsb_science_based_conservation_advocacy_for_tongass,/objects/kirchhoff_et_al_1995_wsb_science_based_conservation_advocacy_for_tongass.pdf,/objects/small/kirchhoff_et_al_1995_wsb_science_based_conservation_advocacy_for_tongass_sm.jpg,/objects/thumbs/kirchhoff_et_al_1995_wsb_science_based_conservation_advocacy_for_tongass_th.jpg,journal article first page,
aktws0108,Position Statement: Alaska Statutes Title 16.05.255 (Intensive Management of Big Game) and Amendments,AKTWS,1996,"The Alaska Chapter position statement on the intensive management provisions of Alaska Statute 16.05.255 (e-g) and proposed amendments, representing the views of over 300 wildlife professionals living and working in Alaska.",position statements,,,,Alaska Chapter of the Wildlife Society Collection,Text,application/pdf,eng,"In copyright, educational use permitted. Educational use includes non-commercial reproduction of text and images in materials for teaching and research purposes. For other contexts beyond fair use, including digital reproduction, please contact the Alaska Chapter of The Wildlife Society at twsalaska@gmail.com. The Alaska Chapter of The Wildlife Society is not liable for any violations of the law by users.",http://rightsstatements.org/vocab/InC-NC/1.0/,,ak_tws_1996_intensive_management,/objects/ak_tws_1996_intensive_management.pdf,/objects/small/ak_tws_1996_intensive_management_sm.jpg,/objects/thumbs/ak_tws_1996_intensive_management_th.jpg,position statement document,
aktws0109,Resolution on Legislating Wildlife Management in Alaska,AKTWS,1996,An Alaska Chapter resolution adopted for the 1996 legislative session addressing the legislature's role in wildlife management decisions that the Chapter argues belong with professional wildlife managers.,resolutions,,,,Alaska Chapter of the Wildlife Society Collection,Text,application/pdf,eng,"In copyright, educational use permitted. Educational use includes non-commercial reproduction of text and images in materials for teaching and research purposes. For other contexts beyond fair use, including digital reproduction, please contact the Alaska Chapter of The Wildlife Society at twsalaska@gmail.com. The Alaska Chapter of The Wildlife Society is not liable for any violations of the law by users.",http://rightsstatements.org/vocab/InC-NC/1.0/,,ak_tws_1996_resolution_legislating_wildlife_management,/objects/ak_tws_1996_resolution_legislating_wildlife_management.pdf,/objects/small/ak_tws_1996_resolution_legislating_wildlife_management_sm.jpg,/objects/thumbs/ak_tws_1996_resolution_legislating_wildlife_management_th.jpg,resolution document,
aktws0110,Position Statement: Effects of Spruce Bark Beetle Infestations and Subsequent Management,AKTWS,1998,The Alaska Chapter position statement on the effects of spruce bark beetle infestations and subsequent management actions on wildlife habitats and populations.,position statements,,,,Alaska Chapter of the Wildlife Society Collection,Text,application/pdf,eng,"In copyright, educational use permitted. Educational use includes non-commercial reproduction of text and images in materials for teaching and research purposes. For other contexts beyond fair use, including digital reproduction, please contact the Alaska Chapter of The Wildlife Society at twsalaska@gmail.com. The Alaska Chapter of The Wildlife Society is not liable for any violations of the law by users.",http://rightsstatements.org/vocab/InC-NC/1.0/,,ak_tws_1998_position_statement_spruce_bark_beetle,/objects/ak_tws_1998_position_statement_spruce_bark_beetle.pdf,/objects/small/ak_tws_1998_position_statement_spruce_bark_beetle_sm.jpg,/objects/thumbs/ak_tws_1998_position_statement_spruce_bark_beetle_th.jpg,position statement document,
aktws0111,"Position Statement: Importing, Transplanting, and Ranching Game in Alaska",AKTWS,1998,"The Alaska Chapter position statement on importing, transplanting, and ranching game in Alaska, noting the state's unique native wildlife populations and the economic and cultural value they hold.",position statements,,,,Alaska Chapter of the Wildlife Society Collection,Text,application/pdf,eng,"In copyright, educational use permitted. Educational use includes non-commercial reproduction of text and images in materials for teaching and research purposes. For other contexts beyond fair use, including digital reproduction, please contact the Alaska Chapter of The Wildlife Society at twsalaska@gmail.com. The Alaska Chapter of The Wildlife Society is not liable for any violations of the law by users.",http://rightsstatements.org/vocab/InC-NC/1.0/,,ak_tws_1998_position_statement_game_ranching,/objects/ak_tws_1998_position_statement_game_ranching.pdf,/objects/small/ak_tws_1998_position_statement_game_ranching_sm.jpg,/objects/thumbs/ak_tws_1998_position_statement_game_ranching_th.jpg,position statement document,
aktws0112,Position Statement: Wildlife Management by Ballot Initiative,AKTWS,1998,"The Alaska Chapter position statement on wildlife management by ballot initiative, arguing that complex wildlife management decisions are poorly suited to resolution at the ballot box.",position statements,,,,Alaska Chapter of the Wildlife Society Collection,Text,application/pdf,eng,"In copyright, educational use permitted. Educational use includes non-commercial reproduction of text and images in materials for teaching and research purposes. For other contexts beyond fair use, including digital reproduction, please contact the Alaska Chapter of The Wildlife Society at twsalaska@gmail.com. The Alaska Chapter of The Wildlife Society is not liable for any violations of the law by users.",http://rightsstatements.org/vocab/InC-NC/1.0/,,ak_tws_1998_position_statement_ballot_initiative,/objects/ak_tws_1998_position_statement_ballot_initiative.pdf,/objects/small/ak_tws_1998_position_statement_ballot_initiative_sm.jpg,/objects/thumbs/ak_tws_1998_position_statement_ballot_initiative_th.jpg,position statement document,
aktws0113,"Technical Peer Review of Reintroducing Wood Bison to the Upper Yukon Valley, Alaska","Griffith, Brad; Bowyer, R. Terry",1998-08-03,"The final report of the Alaska Chapter ad hoc Review Committee on reintroduction of wood bison to the Yukon Flats, transmitted to Chapter President Roger Post and chaired by Dr. Brad Griffith of the University of Alaska Fairbanks.",technical reviews,,,,Alaska Chapter of the Wildlife Society Collection,Text,application/pdf,eng,"In copyright, educational use permitted. Educational use includes non-commercial reproduction of text and images in materials for teaching and research purposes. For other contexts beyond fair use, including digital reproduction, please contact the Alaska Chapter of The Wildlife Society at twsalaska@gmail.com. The Alaska Chapter of The Wildlife Society is not liable for any violations of the law by users.",http://rightsstatements.org/vocab/InC-NC/1.0/,,ak_tws_1998_technical_review_reintroducing_wood_bison,/objects/ak_tws_1998_technical_review_reintroducing_wood_bison.pdf,/objects/small/ak_tws_1998_technical_review_reintroducing_wood_bison_sm.jpg,/objects/thumbs/ak_tws_1998_technical_review_reintroducing_wood_bison_th.jpg,technical review report,
aktws0114,"The Alaskan Wildlifer, January 2001",AKTWS,2001-01-01,"Newsletter of the Alaska Chapter of The Wildlife Society. President Gino Del Frate reflects on change in the wildlife profession, including dual management, co-management, state management, and subsistence management, and on emerging endangered species concerns in Alaska.",newsletters,,,,Alaska Chapter of the Wildlife Society Collection,Text,application/pdf,eng,"In copyright, educational use permitted. Educational use includes non-commercial reproduction of text and images in materials for teaching and research purposes. For other contexts beyond fair use, including digital reproduction, please contact the Alaska Chapter of The Wildlife Society at twsalaska@gmail.com. The Alaska Chapter of The Wildlife Society is not liable for any violations of the law by users.",http://rightsstatements.org/vocab/InC-NC/1.0/,,ak_tws_2001_newsletter_jan,/objects/ak_tws_2001_newsletter_jan.pdf,/objects/small/ak_tws_2001_newsletter_jan_sm.jpg,/objects/thumbs/ak_tws_2001_newsletter_jan_th.jpg,newsletter first page,
aktws0115,"The Alaskan Wildlifer, February 2001",AKTWS,2001-02-01,Newsletter of the Alaska Chapter of The Wildlife Society. President Gino Del Frate announces the annual meeting in Anchorage on March 30 and explains the Chapter's delayed newsletter schedule.,newsletters,,,,Alaska Chapter of the Wildlife Society Collection,Text,application/pdf,eng,"In copyright, educational use permitted. Educational use includes non-commercial reproduction of text and images in materials for teaching and research purposes. For other contexts beyond fair use, including digital reproduction, please contact the Alaska Chapter of The Wildlife Society at twsalaska@gmail.com. The Alaska Chapter of The Wildlife Society is not liable for any violations of the law by users.",http://rightsstatements.org/vocab/InC-NC/1.0/,,ak_tws_2001_newsletter_feb,/objects/ak_tws_2001_newsletter_feb.pdf,/objects/small/ak_tws_2001_newsletter_feb_sm.jpg,/objects/thumbs/ak_tws_2001_newsletter_feb_th.jpg,newsletter first page,
aktws0116,"The Alaskan Wildlifer, May 2001",AKTWS,2001-05-01,"Newsletter of the Alaska Chapter of The Wildlife Society. Includes a member ballot on a new position statement covering oil and gas development in the Arctic National Wildlife Refuge, a new Chapter strategic plan, and regional representative elections.",newsletters,,,,Alaska Chapter of the Wildlife Society Collection,Text,application/pdf,eng,"In copyright, educational use permitted. Educational use includes non-commercial reproduction of text and images in materials for teaching and research purposes. For other contexts beyond fair use, including digital reproduction, please contact the Alaska Chapter of The Wildlife Society at twsalaska@gmail.com. The Alaska Chapter of The Wildlife Society is not liable for any violations of the law by users.",http://rightsstatements.org/vocab/InC-NC/1.0/,,ak_tws_2001_newsletter_may,/objects/ak_tws_2001_newsletter_may.pdf,/objects/small/ak_tws_2001_newsletter_may_sm.jpg,/objects/thumbs/ak_tws_2001_newsletter_may_th.jpg,newsletter first page,
aktws0117,"The Alaskan Wildlifer, October 2001",AKTWS,2001-10-01,Newsletter of the Alaska Chapter of The Wildlife Society. President Gino Del Frate reports on the 2001 TWS annual conference in Reno and the Chapter's bid to host the 2004 national conference in Anchorage.,newsletters,,,,Alaska Chapter of the Wildlife Society Collection,Text,application/pdf,eng,"In copyright, educational use permitted. Educational use includes non-commercial reproduction of text and images in materials for teaching and research purposes. For other contexts beyond fair use, including digital reproduction, please contact the Alaska Chapter of The Wildlife Society at twsalaska@gmail.com. The Alaska Chapter of The Wildlife Society is not liable for any violations of the law by users.",http://rightsstatements.org/vocab/InC-NC/1.0/,,ak_tws_2001_newsletter_oct,/objects/ak_tws_2001_newsletter_oct.pdf,/objects/small/ak_tws_2001_newsletter_oct_sm.jpg,/objects/thumbs/ak_tws_2001_newsletter_oct_th.jpg,newsletter first page,
aktws0118,"The Alaskan Wildlifer, January 2002",AKTWS,2002-01-01,Newsletter of the Alaska Chapter of The Wildlife Society. Announces the annual meeting co-hosted with the Alaska Society of American Foresters in Fairbanks on the theme of coordinating forestry and wildlife management at the landscape level.,newsletters,,,,Alaska Chapter of the Wildlife Society Collection,Text,application/pdf,eng,"In copyright, educational use permitted. Educational use includes non-commercial reproduction of text and images in materials for teaching and research purposes. For other contexts beyond fair use, including digital reproduction, please contact the Alaska Chapter of The Wildlife Society at twsalaska@gmail.com. The Alaska Chapter of The Wildlife Society is not liable for any violations of the law by users.",http://rightsstatements.org/vocab/InC-NC/1.0/,,ak_tws_2002_newsletter_jan,/objects/ak_tws_2002_newsletter_jan.pdf,/objects/small/ak_tws_2002_newsletter_jan_sm.jpg,/objects/thumbs/ak_tws_2002_newsletter_jan_th.jpg,newsletter first page,
aktws0119,"The Alaskan Wildlifer, April 2002",AKTWS,2002-04-01,"Newsletter of the Alaska Chapter of The Wildlife Society. Gino Del Frate's final message as president, reflecting on the Chapter's growth and its influence on wildlife management decisions, and welcoming incoming president Doug Larsen.",newsletters,,,,Alaska Chapter of the Wildlife Society Collection,Text,application/pdf,eng,"In copyright, educational use permitted. Educational use includes non-commercial reproduction of text and images in materials for teaching and research purposes. For other contexts beyond fair use, including digital reproduction, please contact the Alaska Chapter of The Wildlife Society at twsalaska@gmail.com. The Alaska Chapter of The Wildlife Society is not liable for any violations of the law by users.",http://rightsstatements.org/vocab/InC-NC/1.0/,,ak_tws_2002_newsletter_apr,/objects/ak_tws_2002_newsletter_apr.pdf,/objects/small/ak_tws_2002_newsletter_apr_sm.jpg,/objects/thumbs/ak_tws_2002_newsletter_apr_th.jpg,newsletter first page,
aktws0120,"Program: Joint Meeting of the Alaska Society of American Foresters and the Alaska Chapter of TWS, 2002",AKTWS,2002-05-02,"The program for the joint May 2-4, 2002 meeting of the Alaska Society of American Foresters and the Alaska Chapter of The Wildlife Society at the University of Alaska Fairbanks, themed ""Coordinating Forestry and Wildlife Management at the Landscape Level.""",meeting programs,"Fairbanks, Alaska",64.8378,-147.7164,Alaska Chapter of the Wildlife Society Collection,Text,application/msword,eng,"In copyright, educational use permitted. Educational use includes non-commercial reproduction of text and images in materials for teaching and research purposes. For other contexts beyond fair use, including digital reproduction, please contact the Alaska Chapter of The Wildlife Society at twsalaska@gmail.com. The Alaska Chapter of The Wildlife Society is not liable for any violations of the law by users.",http://rightsstatements.org/vocab/InC-NC/1.0/,,joint_meeting_ak_saf_tws_2002_forestry_wildlife_management_landscape,/objects/joint_meeting_ak_saf_tws_2002_forestry_wildlife_management_landscape.doc,/objects/small/joint_meeting_ak_saf_tws_2002_forestry_wildlife_management_landscape_sm.jpg,/objects/thumbs/joint_meeting_ak_saf_tws_2002_forestry_wildlife_management_landscape_th.jpg,meeting program document,
aktws0121,"The Alaskan Wildlifer, July 2002",AKTWS,2002-07-01,"Newsletter of the Alaska Chapter of The Wildlife Society. Doug Larsen's first message as president, outlining his goals for member participation and the conservation of Alaska's wildlife resources.",newsletters,,,,Alaska Chapter of the Wildlife Society Collection,Text,application/pdf,eng,"In copyright, educational use permitted. Educational use includes non-commercial reproduction of text and images in materials for teaching and research purposes. For other contexts beyond fair use, including digital reproduction, please contact the Alaska Chapter of The Wildlife Society at twsalaska@gmail.com. The Alaska Chapter of The Wildlife Society is not liable for any violations of the law by users.",http://rightsstatements.org/vocab/InC-NC/1.0/,,ak_tws_2002_newsletter_july,/objects/ak_tws_2002_newsletter_july.pdf,/objects/small/ak_tws_2002_newsletter_july_sm.jpg,/objects/thumbs/ak_tws_2002_newsletter_july_th.jpg,newsletter first page,
aktws0122,"Comments on the Tongass Roadless Area Evaluation Draft Supplemental EIS, 2002",AKTWS,2002-08-22,A letter from the Alaska Chapter to the USDA Forest Service Tongass National Forest Content Analysis Team commenting on the draft supplemental environmental impact statement on roadless area evaluation for wilderness recommendations in the Tongass Land Management Plan revision.,correspondence; USDA Forest Service,"Juneau, Alaska",58.3019,-134.4197,Alaska Chapter of the Wildlife Society Collection,Text,application/msword,eng,"In copyright, educational use permitted. Educational use includes non-commercial reproduction of text and images in materials for teaching and research purposes. For other contexts beyond fair use, including digital reproduction, please contact the Alaska Chapter of The Wildlife Society at twsalaska@gmail.com. The Alaska Chapter of The Wildlife Society is not liable for any violations of the law by users.",http://rightsstatements.org/vocab/InC-NC/1.0/,,roadlesssdeiscomments_tongass_2002,/objects/roadlesssdeiscomments_tongass_2002.doc,/objects/small/roadlesssdeiscomments_tongass_2002_sm.jpg,/objects/thumbs/roadlesssdeiscomments_tongass_2002_th.jpg,comment letter source document,
aktws0123,"The Alaskan Wildlifer, November 2002",AKTWS,2002-11-01,Newsletter of the Alaska Chapter of The Wildlife Society. President Doug Larsen calls for increased statewide attendance at the annual meeting in Juneau and for stronger technical sessions.,newsletters,,,,Alaska Chapter of the Wildlife Society Collection,Text,application/pdf,eng,"In copyright, educational use permitted. Educational use includes non-commercial reproduction of text and images in materials for teaching and research purposes. For other contexts beyond fair use, including digital reproduction, please contact the Alaska Chapter of The Wildlife Society at twsalaska@gmail.com. The Alaska Chapter of The Wildlife Society is not liable for any violations of the law by users.",http://rightsstatements.org/vocab/InC-NC/1.0/,,ak_tws_2002_newsletter_nov,/objects/ak_tws_2002_newsletter_nov.pdf,/objects/small/ak_tws_2002_newsletter_nov_sm.jpg,/objects/thumbs/ak_tws_2002_newsletter_nov_th.jpg,newsletter first page,
aktws0124,Resolution Supporting H.B. 163 and S.B. 122 for a Wildlife Conservation Pass,AKTWS,2003-05-01,An Alaska Chapter resolution supporting Governor Murkowski's legislation to raise revenue for fish and wildlife management by requiring nonresidents using commercial wildlife viewing providers to purchase an annual Wildlife Conservation Pass.,resolutions,,,,Alaska Chapter of the Wildlife Society Collection,Text,application/pdf,eng,"In copyright, educational use permitted. Educational use includes non-commercial reproduction of text and images in materials for teaching and research purposes. For other contexts beyond fair use, including digital reproduction, please contact the Alaska Chapter of The Wildlife Society at twsalaska@gmail.com. The Alaska Chapter of The Wildlife Society is not liable for any violations of the law by users.",http://rightsstatements.org/vocab/InC-NC/1.0/,,ak_tws_2003_resolution_ak_leg_wildlife_conservation_pass,/objects/ak_tws_2003_resolution_ak_leg_wildlife_conservation_pass.pdf,/objects/small/ak_tws_2003_resolution_ak_leg_wildlife_conservation_pass_sm.jpg,/objects/thumbs/ak_tws_2003_resolution_ak_leg_wildlife_conservation_pass_th.jpg,resolution document,
aktws0125,"The Alaskan Wildlifer, May 2003",AKTWS,2003-05-01,"Newsletter of the Alaska Chapter of The Wildlife Society. President Doug Larsen reports on the April Chapter conference, attended by over 70 participants from state, federal, and academic institutions.",newsletters,,,,Alaska Chapter of the Wildlife Society Collection,Text,application/pdf,eng,"In copyright, educational use permitted. Educational use includes non-commercial reproduction of text and images in materials for teaching and research purposes. For other contexts beyond fair use, including digital reproduction, please contact the Alaska Chapter of The Wildlife Society at twsalaska@gmail.com. The Alaska Chapter of The Wildlife Society is not liable for any violations of the law by users.",http://rightsstatements.org/vocab/InC-NC/1.0/,,ak_tws_2003_newsletter_may,/objects/ak_tws_2003_newsletter_may.pdf,/objects/small/ak_tws_2003_newsletter_may_sm.jpg,/objects/thumbs/ak_tws_2003_newsletter_may_th.jpg,newsletter first page,
aktws0126,"Comments Opposing Exemption of the Tongass and Chugach National Forests from the Roadless Rule, 2003",AKTWS,2003-08-08,A letter from the Alaska Chapter to USDA Forest Service Chief Dale N. Bosworth opposing the exemption of the Tongass and Chugach National Forests from the Roadless Areas Conservation Rule.,correspondence; USDA Forest Service,,,,Alaska Chapter of the Wildlife Society Collection,Text,application/msword,eng,"In copyright, educational use permitted. Educational use includes non-commercial reproduction of text and images in materials for teaching and research purposes. For other contexts beyond fair use, including digital reproduction, please contact the Alaska Chapter of The Wildlife Society at twsalaska@gmail.com. The Alaska Chapter of The Wildlife Society is not liable for any violations of the law by users.",http://rightsstatements.org/vocab/InC-NC/1.0/,,tongass_chugach_roadless_rule_comments_2003,/objects/tongass_chugach_roadless_rule_comments_2003.doc,/objects/small/tongass_chugach_roadless_rule_comments_2003_sm.jpg,/objects/thumbs/tongass_chugach_roadless_rule_comments_2003_th.jpg,comment letter source document,
aktws0127,"The Alaskan Wildlifer, October 2003",AKTWS,2003-10-01,Newsletter of the Alaska Chapter of The Wildlife Society. Announces the 2004 Northwest Section Conference in Alaska alongside the 10th North American Caribou Conference on the theme of caribou and climate.,newsletters,,,,Alaska Chapter of the Wildlife Society Collection,Text,application/pdf,eng,"In copyright, educational use permitted. Educational use includes non-commercial reproduction of text and images in materials for teaching and research purposes. For other contexts beyond fair use, including digital reproduction, please contact the Alaska Chapter of The Wildlife Society at twsalaska@gmail.com. The Alaska Chapter of The Wildlife Society is not liable for any violations of the law by users.",http://rightsstatements.org/vocab/InC-NC/1.0/,,ak_tws_2003_newsletter_oct,/objects/ak_tws_2003_newsletter_oct.pdf,/objects/small/ak_tws_2003_newsletter_oct_sm.jpg,/objects/thumbs/ak_tws_2003_newsletter_oct_th.jpg,newsletter first page,
aktws0128,"Scoping Comments on the Northeast National Petroleum Reserve-Alaska Plan Amendment, 2003",AKTWS,2003-10-30,A letter from the Alaska Chapter to the BLM Northeast NPR-A Amendment Planning Team providing scoping comments on the proposed amended Northeast National Petroleum Reserve-Alaska Plan and Environmental Impact Statement.,correspondence; Bureau of Land Management,"Anchorage, Alaska",61.2181,-149.9003,Alaska Chapter of the Wildlife Society Collection,Text,application/msword,eng,"In copyright, educational use permitted. Educational use includes non-commercial reproduction of text and images in materials for teaching and research purposes. For other contexts beyond fair use, including digital reproduction, please contact the Alaska Chapter of The Wildlife Society at twsalaska@gmail.com. The Alaska Chapter of The Wildlife Society is not liable for any violations of the law by users.",http://rightsstatements.org/vocab/InC-NC/1.0/,,ne_npra_comments_2003,/objects/ne_npra_comments_2003.doc,/objects/small/ne_npra_comments_2003_sm.jpg,/objects/thumbs/ne_npra_comments_2003_th.jpg,comment letter source document,
aktws0129,"Program: Joint Session of the Alaska Chapters of the American Fisheries Society and The Wildlife Society, 2003",AKTWS,2003-11-03,"The program for the November 2003 joint session of the Alaska Chapters of the American Fisheries Society and The Wildlife Society, including a session on suburban development in the riparian zone.",meeting programs,,,,Alaska Chapter of the Wildlife Society Collection,Text,application/msword,eng,"In copyright, educational use permitted. Educational use includes non-commercial reproduction of text and images in materials for teaching and research purposes. For other contexts beyond fair use, including digital reproduction, please contact the Alaska Chapter of The Wildlife Society at twsalaska@gmail.com. The Alaska Chapter of The Wildlife Society is not liable for any violations of the law by users.",http://rightsstatements.org/vocab/InC-NC/1.0/,,joint_session_ak_afs_tws_2003_suburban_development_riparian_zone,/objects/joint_session_ak_afs_tws_2003_suburban_development_riparian_zone.doc,/objects/small/joint_session_ak_afs_tws_2003_suburban_development_riparian_zone_sm.jpg,/objects/thumbs/joint_session_ak_afs_tws_2003_suburban_development_riparian_zone_th.jpg,meeting program document,
aktws0130,"The Alaskan Wildlifer, April 2004",AKTWS,2004-04-01,Newsletter of the Alaska Chapter of The Wildlife Society. President Doug Larsen encourages attendance at the upcoming Girdwood conference and previews the technical program.,newsletters,,,,Alaska Chapter of the Wildlife Society Collection,Text,application/pdf,eng,"In copyright, educational use permitted. Educational use includes non-commercial reproduction of text and images in materials for teaching and research purposes. For other contexts beyond fair use, including digital reproduction, please contact the Alaska Chapter of The Wildlife Society at twsalaska@gmail.com. The Alaska Chapter of The Wildlife Society is not liable for any violations of the law by users.",http://rightsstatements.org/vocab/InC-NC/1.0/,,ak_tws_2004_newsletter_apr,/objects/ak_tws_2004_newsletter_apr.pdf,/objects/small/ak_tws_2004_newsletter_apr_sm.jpg,/objects/thumbs/ak_tws_2004_newsletter_apr_th.jpg,newsletter first page,
aktws0131,"The Alaskan Wildlifer, September 2004",AKTWS,2004-09-01,"Newsletter of the Alaska Chapter of The Wildlife Society. Eric J. Taylor's first message as president; includes the draft position statement on bear management, draft criteria for Chapter position statement requests, and the Chapter's opposition to BLM's preferred alternative in the Northeast National Petroleum Reserve-Alaska.",newsletters,,,,Alaska Chapter of the Wildlife Society Collection,Text,application/pdf,eng,"In copyright, educational use permitted. Educational use includes non-commercial reproduction of text and images in materials for teaching and research purposes. For other contexts beyond fair use, including digital reproduction, please contact the Alaska Chapter of The Wildlife Society at twsalaska@gmail.com. The Alaska Chapter of The Wildlife Society is not liable for any violations of the law by users.",http://rightsstatements.org/vocab/InC-NC/1.0/,,ak_tws_2004_newsletter_sep,/objects/ak_tws_2004_newsletter_sep.pdf,/objects/small/ak_tws_2004_newsletter_sep_sm.jpg,/objects/thumbs/ak_tws_2004_newsletter_sep_th.jpg,newsletter first page,
aktws0132,"The Alaskan Wildlifer, February 2005",AKTWS,2005-02-01,"Newsletter of the Alaska Chapter of The Wildlife Society. Reports 68 member responses to the draft bear position statement, the BLM decision on the northeast section of the National Petroleum Reserve-Alaska, and approved criteria for submitting position statements.",newsletters,,,,Alaska Chapter of the Wildlife Society Collection,Text,application/pdf,eng,"In copyright, educational use permitted. Educational use includes non-commercial reproduction of text and images in materials for teaching and research purposes. For other contexts beyond fair use, including digital reproduction, please contact the Alaska Chapter of The Wildlife Society at twsalaska@gmail.com. The Alaska Chapter of The Wildlife Society is not liable for any violations of the law by users.",http://rightsstatements.org/vocab/InC-NC/1.0/,,ak_tws_2005_newsletter_feb,/objects/ak_tws_2005_newsletter_feb.pdf,/objects/small/ak_tws_2005_newsletter_feb_sm.jpg,/objects/thumbs/ak_tws_2005_newsletter_feb_th.jpg,newsletter first page,
aktws0133,"The Alaskan Wildlifer, December 2005",AKTWS,2005-12-01,"Newsletter of the Alaska Chapter of The Wildlife Society. Covers the Chapter's revision of the national old-growth forest position statement, comments on the Colville River bridge permit, the UAF student chapter, and wildlife-related Alaska legislation.",newsletters,,,,Alaska Chapter of the Wildlife Society Collection,Text,application/pdf,eng,"In copyright, educational use permitted. Educational use includes non-commercial reproduction of text and images in materials for teaching and research purposes. For other contexts beyond fair use, including digital reproduction, please contact the Alaska Chapter of The Wildlife Society at twsalaska@gmail.com. The Alaska Chapter of The Wildlife Society is not liable for any violations of the law by users.",http://rightsstatements.org/vocab/InC-NC/1.0/,,ak_tws_2005_newsletter_dec,/objects/ak_tws_2005_newsletter_dec.pdf,/objects/small/ak_tws_2005_newsletter_dec_sm.jpg,/objects/thumbs/ak_tws_2005_newsletter_dec_th.jpg,newsletter first page,
aktws0134,"Comments to the U.S. Army Corps of Engineers on the Nigliq Channel Bridge, Colville River, 2005",AKTWS,2005-12-24,"A letter from the Alaska Chapter to Colonel Timothy J. Gallagher, District Engineer of the U.S. Army Corps of Engineers Alaska District, commenting on the proposed Nigliq Channel crossing of the Colville River.",correspondence; U.S. Army Corps of Engineers,"Anchorage, Alaska",61.2181,-149.9003,Alaska Chapter of the Wildlife Society Collection,Text,application/msword,eng,"In copyright, educational use permitted. Educational use includes non-commercial reproduction of text and images in materials for teaching and research purposes. For other contexts beyond fair use, including digital reproduction, please contact the Alaska Chapter of The Wildlife Society at twsalaska@gmail.com. The Alaska Chapter of The Wildlife Society is not liable for any violations of the law by users.",http://rightsstatements.org/vocab/InC-NC/1.0/,,comments_2005_to_acoe_on_nigliq_channel_colville,/objects/comments_2005_to_acoe_on_nigliq_channel_colville.doc,/objects/small/comments_2005_to_acoe_on_nigliq_channel_colville_sm.jpg,/objects/thumbs/comments_2005_to_acoe_on_nigliq_channel_colville_th.jpg,comment letter source document,
aktws0135,"Alaska Chapter Rack Card, 2006",AKTWS,2006,"An outreach rack card describing The Wildlife Society in Alaska, the Chapter's mission to ensure responsible use of Alaska's wildlife and habitats, and its work on technical reviews and position statements.",outreach materials,,,,Alaska Chapter of the Wildlife Society Collection,Text,application/pdf,eng,"In copyright, educational use permitted. Educational use includes non-commercial reproduction of text and images in materials for teaching and research purposes. For other contexts beyond fair use, including digital reproduction, please contact the Alaska Chapter of The Wildlife Society at twsalaska@gmail.com. The Alaska Chapter of The Wildlife Society is not liable for any violations of the law by users.",http://rightsstatements.org/vocab/InC-NC/1.0/,,final_aktws_rackcard2006,/objects/final_aktws_rackcard2006.pdf,/objects/small/final_aktws_rackcard2006_sm.jpg,/objects/thumbs/final_aktws_rackcard2006_th.jpg,promotional rack card,
aktws0136,"Introductory Letter to Alaska Legislators, 2006",AKTWS,2006-01-15,A template letter from the Alaska Chapter introducing The Wildlife Society to Alaska state legislators and offering the professional expertise of Chapter members on wildlife conservation and management issues.,correspondence; Alaska Legislature,"Juneau, Alaska",58.3019,-134.4197,Alaska Chapter of the Wildlife Society Collection,Text,application/msword,eng,"In copyright, educational use permitted. Educational use includes non-commercial reproduction of text and images in materials for teaching and research purposes. For other contexts beyond fair use, including digital reproduction, please contact the Alaska Chapter of The Wildlife Society at twsalaska@gmail.com. The Alaska Chapter of The Wildlife Society is not liable for any violations of the law by users.",http://rightsstatements.org/vocab/InC-NC/1.0/,,alaska_chapter_introductory_letter_ak_legislators_2006,/objects/alaska_chapter_introductory_letter_ak_legislators_2006.doc,/objects/small/alaska_chapter_introductory_letter_ak_legislators_2006_sm.jpg,/objects/thumbs/alaska_chapter_introductory_letter_ak_legislators_2006_th.jpg,letter template source document,
aktws0137,"Letter Opposing Senate Bill 85 on Off-Road Vehicle Use in the Dalton Highway Corridor, 2006",AKTWS,2006-02-24,"A letter from the Alaska Chapter to Alaska state representatives opposing Senate Bill 85, which would repeal the prohibition on off-road vehicles within five miles of the Dalton Highway right-of-way.",correspondence; Alaska Legislature,"Juneau, Alaska",58.3019,-134.4197,Alaska Chapter of the Wildlife Society Collection,Text,application/msword,eng,"In copyright, educational use permitted. Educational use includes non-commercial reproduction of text and images in materials for teaching and research purposes. For other contexts beyond fair use, including digital reproduction, please contact the Alaska Chapter of The Wildlife Society at twsalaska@gmail.com. The Alaska Chapter of The Wildlife Society is not liable for any violations of the law by users.",http://rightsstatements.org/vocab/InC-NC/1.0/,,sb85_2006_orvs_dalton_corridor,/objects/sb85_2006_orvs_dalton_corridor.doc,/objects/small/sb85_2006_orvs_dalton_corridor_sm.jpg,/objects/thumbs/sb85_2006_orvs_dalton_corridor_th.jpg,letter source document,
aktws0138,"The Alaskan Wildlifer, March 2006",AKTWS,2006-03-01,"Newsletter of the Alaska Chapter of The Wildlife Society. Eric J. Taylor's final message as president summarizing the Chapter's accomplishments, plus Executive Board candidate statements and the 2006 electronic ballot.",newsletters,,,,Alaska Chapter of the Wildlife Society Collection,Text,application/pdf,eng,"In copyright, educational use permitted. Educational use includes non-commercial reproduction of text and images in materials for teaching and research purposes. For other contexts beyond fair use, including digital reproduction, please contact the Alaska Chapter of The Wildlife Society at twsalaska@gmail.com. The Alaska Chapter of The Wildlife Society is not liable for any violations of the law by users.",http://rightsstatements.org/vocab/InC-NC/1.0/,,ak_tws_2006_newsletter_mar,/objects/ak_tws_2006_newsletter_mar.pdf,/objects/small/ak_tws_2006_newsletter_mar_sm.jpg,/objects/thumbs/ak_tws_2006_newsletter_mar_th.jpg,newsletter first page,
aktws0139,"Eric Taylor's Reply to Representative Mike Kelly on Senate Bill 85, 2006","Taylor, Eric J.",2006-03-21,An email from Alaska Chapter President Eric J. Taylor to Representative Mike Kelly reaffirming the Chapter's opposition to Senate Bill 85 and its position on protection of the Dalton Highway corridor.,correspondence; Alaska Legislature,,,,Alaska Chapter of the Wildlife Society Collection,Text,text/plain,eng,"In copyright, educational use permitted. Educational use includes non-commercial reproduction of text and images in materials for teaching and research purposes. For other contexts beyond fair use, including digital reproduction, please contact the Alaska Chapter of The Wildlife Society at twsalaska@gmail.com. The Alaska Chapter of The Wildlife Society is not liable for any violations of the law by users.",http://rightsstatements.org/vocab/InC-NC/1.0/,,taylor_reply_to_rep_kelly_sb85_2006,/objects/taylor_reply_to_rep_kelly_sb85_2006.txt,/objects/small/taylor_reply_to_rep_kelly_sb85_2006_sm.jpg,/objects/thumbs/taylor_reply_to_rep_kelly_sb85_2006_th.jpg,email correspondence,
aktws0140,Discussion of a David Bella essay: Ethics and credibility of applied science,"Person, Dave",2006-06-01,"A member contribution discussing David Bella's essay on organizational behavior and systematic distortion of information, and its implications for the ethics and credibility of environmental impact assessment.",opinion; member contributions,,,,Alaska Chapter of the Wildlife Society Collection,Text,application/pdf,eng,"In copyright, educational use permitted. Educational use includes non-commercial reproduction of text and images in materials for teaching and research purposes. For other contexts beyond fair use, including digital reproduction, please contact the Alaska Chapter of The Wildlife Society at twsalaska@gmail.com. The Alaska Chapter of The Wildlife Society is not liable for any violations of the law by users.",http://rightsstatements.org/vocab/InC-NC/1.0/,,ak_tws_2006_opinion_person_jun,/objects/ak_tws_2006_opinion_person_jun.pdf,/objects/small/ak_tws_2006_opinion_person_jun_sm.jpg,/objects/thumbs/ak_tws_2006_opinion_person_jun_th.jpg,newsletter opinion article,
aktws0141,Restore the Division of Fish and Wildlife Protection,"Valkenburg, Patrick",2006-06-01,"A member contribution arguing that the Murkowski administration's downgrade of the Division of Fish and Wildlife Protection to the Alaska Bureau of Wildlife Enforcement under the Alaska State Troopers has failed to protect fish and wildlife, and calling for the division to be restored.",opinion; member contributions,,,,Alaska Chapter of the Wildlife Society Collection,Text,application/pdf,eng,"In copyright, educational use permitted. Educational use includes non-commercial reproduction of text and images in materials for teaching and research purposes. For other contexts beyond fair use, including digital reproduction, please contact the Alaska Chapter of The Wildlife Society at twsalaska@gmail.com. The Alaska Chapter of The Wildlife Society is not liable for any violations of the law by users.",http://rightsstatements.org/vocab/InC-NC/1.0/,,ak_tws_2006_opinion_valkenburg,/objects/ak_tws_2006_opinion_valkenburg.pdf,/objects/small/ak_tws_2006_opinion_valkenburg_sm.jpg,/objects/thumbs/ak_tws_2006_opinion_valkenburg_th.jpg,newsletter opinion article,
aktws0142,"The Alaskan Wildlifer, June 2006",AKTWS,2006-06-01,"Newsletter of the Alaska Chapter of The Wildlife Society. Tom Paragi's first message as president; includes predator control and bear management updates, a vote on bylaw revisions, and member contributions on the Division of Fish and Wildlife Protection and the ethics of applied science.",newsletters,,,,Alaska Chapter of the Wildlife Society Collection,Text,application/pdf,eng,"In copyright, educational use permitted. Educational use includes non-commercial reproduction of text and images in materials for teaching and research purposes. For other contexts beyond fair use, including digital reproduction, please contact the Alaska Chapter of The Wildlife Society at twsalaska@gmail.com. The Alaska Chapter of The Wildlife Society is not liable for any violations of the law by users.",http://rightsstatements.org/vocab/InC-NC/1.0/,,ak_tws_2006_newsletter_jun,/objects/ak_tws_2006_newsletter_jun.pdf,/objects/small/ak_tws_2006_newsletter_jun_sm.jpg,/objects/thumbs/ak_tws_2006_newsletter_jun_th.jpg,newsletter first page,
aktws0143,Technical Review: Issues Related to the Sale of Black and Brown Bear Parts in Alaska,"Collins, Gail H.; Bertram, Mark R.; Reynolds, Harry V.; Seaton, C. Tom",2006-08-18,"An Alaska Chapter technical review examining the biological, management, and enforcement issues surrounding the sale of black and brown bear parts in Alaska, prepared by a four-member review committee chaired by Gail H. Collins.",technical reviews,,,,Alaska Chapter of the Wildlife Society Collection,Text,application/pdf,eng,"In copyright, educational use permitted. Educational use includes non-commercial reproduction of text and images in materials for teaching and research purposes. For other contexts beyond fair use, including digital reproduction, please contact the Alaska Chapter of The Wildlife Society at twsalaska@gmail.com. The Alaska Chapter of The Wildlife Society is not liable for any violations of the law by users.",http://rightsstatements.org/vocab/InC-NC/1.0/,,ak_tws_2006_technical_review_sale_bear_parts,/objects/ak_tws_2006_technical_review_sale_bear_parts.pdf,/objects/small/ak_tws_2006_technical_review_sale_bear_parts_sm.jpg,/objects/thumbs/ak_tws_2006_technical_review_sale_bear_parts_th.jpg,technical review report,
aktws0144,Technical Review: Issues Related to the Sale of Black and Brown Bear Parts in Alaska (source document),"Collins, Gail H.; Bertram, Mark R.; Reynolds, Harry V.; Seaton, C. Tom",2006-08-18,The word processing source document of the Alaska Chapter technical review examining issues related to the sale of black and brown bear parts in Alaska.,technical reviews,,,,Alaska Chapter of the Wildlife Society Collection,Text,application/msword,eng,"In copyright, educational use permitted. Educational use includes non-commercial reproduction of text and images in materials for teaching and research purposes. For other contexts beyond fair use, including digital reproduction, please contact the Alaska Chapter of The Wildlife Society at twsalaska@gmail.com. The Alaska Chapter of The Wildlife Society is not liable for any violations of the law by users.",http://rightsstatements.org/vocab/InC-NC/1.0/,,ak_tws_tech_rev_sale_of_bear_parts_review_final_2006,/objects/ak_tws_tech_rev_sale_of_bear_parts_review_final_2006.doc,/objects/small/ak_tws_tech_rev_sale_of_bear_parts_review_final_2006_sm.jpg,/objects/thumbs/ak_tws_tech_rev_sale_of_bear_parts_review_final_2006_th.jpg,technical review source document,
aktws0145,"Background for the Bear Predation Management Technical Review, 2006","Paragi, Tom",2006-09-01,"Background prepared by Tom Paragi for the Boertje et al. technical review ""Bear predation management to increase the harvestable surplus of moose in Interior and Southcentral Alaska,"" tracing the review's origin to the 2004 Board of Game predation control decisions.",technical reviews,,,,Alaska Chapter of the Wildlife Society Collection,Text,application/msword,eng,"In copyright, educational use permitted. Educational use includes non-commercial reproduction of text and images in materials for teaching and research purposes. For other contexts beyond fair use, including digital reproduction, please contact the Alaska Chapter of The Wildlife Society at twsalaska@gmail.com. The Alaska Chapter of The Wildlife Society is not liable for any violations of the law by users.",http://rightsstatements.org/vocab/InC-NC/1.0/,,background_bear_management_technical_review_sept2006_paragi,/objects/background_bear_management_technical_review_sept2006_paragi.doc,/objects/small/background_bear_management_technical_review_sept2006_paragi_sm.jpg,/objects/thumbs/background_bear_management_technical_review_sept2006_paragi_th.jpg,background document,
aktws0146,Holy Hypothesis Statman!,"Person, Dave",2006-09-01,A member contribution urging wildlife biologists to engage with the debate over logistic regression in habitat use-availability analyses and over information-theoretic model selection versus classical hypothesis testing.,opinion; member contributions,,,,Alaska Chapter of the Wildlife Society Collection,Text,application/pdf,eng,"In copyright, educational use permitted. Educational use includes non-commercial reproduction of text and images in materials for teaching and research purposes. For other contexts beyond fair use, including digital reproduction, please contact the Alaska Chapter of The Wildlife Society at twsalaska@gmail.com. The Alaska Chapter of The Wildlife Society is not liable for any violations of the law by users.",http://rightsstatements.org/vocab/InC-NC/1.0/,,ak_tws_2006_opinion_person_sep,/objects/ak_tws_2006_opinion_person_sep.pdf,/objects/small/ak_tws_2006_opinion_person_sep_sm.jpg,/objects/thumbs/ak_tws_2006_opinion_person_sep_th.jpg,newsletter opinion article,
aktws0147,"The Alaskan Wildlifer, September 2006",AKTWS,2006-09-01,"Newsletter of the Alaska Chapter of The Wildlife Society. Discusses the line between outreach and advocacy, preparations for the 13th TWS Conference in Anchorage, and a joint session on marine-derived nutrients.",newsletters,,,,Alaska Chapter of the Wildlife Society Collection,Text,application/pdf,eng,"In copyright, educational use permitted. Educational use includes non-commercial reproduction of text and images in materials for teaching and research purposes. For other contexts beyond fair use, including digital reproduction, please contact the Alaska Chapter of The Wildlife Society at twsalaska@gmail.com. The Alaska Chapter of The Wildlife Society is not liable for any violations of the law by users.",http://rightsstatements.org/vocab/InC-NC/1.0/,,ak_tws_2006_newsletter_sep,/objects/ak_tws_2006_newsletter_sep.pdf,/objects/small/ak_tws_2006_newsletter_sep_sm.jpg,/objects/thumbs/ak_tws_2006_newsletter_sep_th.jpg,newsletter first page,
aktws0148,"Presentation: The Alaska Chapter Welcomes TWS Members to Anchorage, 2006","Paragi, Tom",2006-09-24,"A slide presentation given by Tom Paragi welcoming members to the 13th Annual TWS Conference in Anchorage, summarizing the Chapter's founding in 1971, its 213 members, and its activity at Section and national levels.",presentations,"Anchorage, Alaska",61.2181,-149.9003,Alaska Chapter of the Wildlife Society Collection,Text,application/vnd.ms-powerpoint,eng,"In copyright, educational use permitted. Educational use includes non-commercial reproduction of text and images in materials for teaching and research purposes. For other contexts beyond fair use, including digital reproduction, please contact the Alaska Chapter of The Wildlife Society at twsalaska@gmail.com. The Alaska Chapter of The Wildlife Society is not liable for any violations of the law by users.",http://rightsstatements.org/vocab/InC-NC/1.0/,,alaska_chapter_welcome_national_meeting_anchorage_24sept06_paragi,/objects/alaska_chapter_welcome_national_meeting_anchorage_24sept06_paragi.ppt,/objects/small/alaska_chapter_welcome_national_meeting_anchorage_24sept06_paragi_sm.jpg,/objects/thumbs/alaska_chapter_welcome_national_meeting_anchorage_24sept06_paragi_th.jpg,presentation slides,
aktws0149,Take-home messages from the 13th Annual TWS Conference,"Huettmann, Falk",2006-11-01,"A member contribution reporting on the 13th Annual TWS Conference in Anchorage, covering science-based wildlife management, global change, international connectivity, integrative research, and leadership.",opinion; member contributions,,,,Alaska Chapter of the Wildlife Society Collection,Text,application/pdf,eng,"In copyright, educational use permitted. Educational use includes non-commercial reproduction of text and images in materials for teaching and research purposes. For other contexts beyond fair use, including digital reproduction, please contact the Alaska Chapter of The Wildlife Society at twsalaska@gmail.com. The Alaska Chapter of The Wildlife Society is not liable for any violations of the law by users.",http://rightsstatements.org/vocab/InC-NC/1.0/,,ak_tws_2006_opinion_huettmann,/objects/ak_tws_2006_opinion_huettmann.pdf,/objects/small/ak_tws_2006_opinion_huettmann_sm.jpg,/objects/thumbs/ak_tws_2006_opinion_huettmann_th.jpg,newsletter opinion article,
aktws0150,"The Alaskan Wildlifer, November 2006",AKTWS,2006-11-01,Newsletter of the Alaska Chapter of The Wildlife Society. Reflects on the Chapter's hosting of the 13th Annual Meeting of The Wildlife Society in Anchorage and reports record membership levels.,newsletters,,,,Alaska Chapter of the Wildlife Society Collection,Text,application/pdf,eng,"In copyright, educational use permitted. Educational use includes non-commercial reproduction of text and images in materials for teaching and research purposes. For other contexts beyond fair use, including digital reproduction, please contact the Alaska Chapter of The Wildlife Society at twsalaska@gmail.com. The Alaska Chapter of The Wildlife Society is not liable for any violations of the law by users.",http://rightsstatements.org/vocab/InC-NC/1.0/,,ak_tws_2006_newsletter_nov,/objects/ak_tws_2006_newsletter_nov.pdf,/objects/small/ak_tws_2006_newsletter_nov_sm.jpg,/objects/thumbs/ak_tws_2006_newsletter_nov_th.jpg,newsletter first page,
aktws0151,Thinking Like a Mountain-Troll,"Person, Dave",2006-11-01,"A member contribution invoking Aldo Leopold's ""Thinking Like a Mountain"" to examine the narrow self-interest that shapes decisions about managing nature.",opinion; member contributions,,,,Alaska Chapter of the Wildlife Society Collection,Text,application/pdf,eng,"In copyright, educational use permitted. Educational use includes non-commercial reproduction of text and images in materials for teaching and research purposes. For other contexts beyond fair use, including digital reproduction, please contact the Alaska Chapter of The Wildlife Society at twsalaska@gmail.com. The Alaska Chapter of The Wildlife Society is not liable for any violations of the law by users.",http://rightsstatements.org/vocab/InC-NC/1.0/,,ak_tws_2006_opinion_person_nov,/objects/ak_tws_2006_opinion_person_nov.pdf,/objects/small/ak_tws_2006_opinion_person_nov_sm.jpg,/objects/thumbs/ak_tws_2006_opinion_person_nov_th.jpg,newsletter opinion article,
aktws0152,"Program: Joint Session of the Alaska Chapters of the American Fisheries Society and The Wildlife Society on Marine-Derived Nutrients, 2006",AKTWS,2006-11-13,"The program for the November 13-16, 2006 joint meeting at the Wedgewood Resort in Fairbanks, including a joint session of the Alaska Chapters of the American Fisheries Society and The Wildlife Society on marine-derived nutrients.",meeting programs,"Fairbanks, Alaska",64.8378,-147.7164,Alaska Chapter of the Wildlife Society Collection,Text,application/msword,eng,"In copyright, educational use permitted. Educational use includes non-commercial reproduction of text and images in materials for teaching and research purposes. For other contexts beyond fair use, including digital reproduction, please contact the Alaska Chapter of The Wildlife Society at twsalaska@gmail.com. The Alaska Chapter of The Wildlife Society is not liable for any violations of the law by users.",http://rightsstatements.org/vocab/InC-NC/1.0/,,joint_session_ak_afs_tws_2006_marine_derived_nutrients,/objects/joint_session_ak_afs_tws_2006_marine_derived_nutrients.doc,/objects/small/joint_session_ak_afs_tws_2006_marine_derived_nutrients_sm.jpg,/objects/thumbs/joint_session_ak_afs_tws_2006_marine_derived_nutrients_th.jpg,meeting program document,
aktws0153,"Summary of Comments and Recommendations on the Bear Predation Management Technical Review, 2006","Paragi, Tom",2006-11-28,Tom Paragi's summary of member comments and recommendations on the revised draft of the Boertje et al. technical review of bear predation management to increase the harvestable surplus of moose in Interior and Southcentral Alaska.,technical reviews,,,,Alaska Chapter of the Wildlife Society Collection,Text,application/msword,eng,"In copyright, educational use permitted. Educational use includes non-commercial reproduction of text and images in materials for teaching and research purposes. For other contexts beyond fair use, including digital reproduction, please contact the Alaska Chapter of The Wildlife Society at twsalaska@gmail.com. The Alaska Chapter of The Wildlife Society is not liable for any violations of the law by users.",http://rightsstatements.org/vocab/InC-NC/1.0/,,comment_summary_recommendation_bear_predation_management_nov2006,/objects/comment_summary_recommendation_bear_predation_management_nov2006.doc,/objects/small/comment_summary_recommendation_bear_predation_management_nov2006_sm.jpg,/objects/thumbs/comment_summary_recommendation_bear_predation_management_nov2006_th.jpg,comment summary document,
aktws0154,"Invitation to The Wildlife Society Legislative Open House, 2007",AKTWS,2006-12-01,"A template invitation from the Alaska Chapter inviting Alaska legislators, senators, and commissioners to The Wildlife Society Open House at the Westmark Baranof Hotel in Juneau on February 6, 2007.",correspondence; Alaska Legislature,"Juneau, Alaska",58.3019,-134.4197,Alaska Chapter of the Wildlife Society Collection,Text,application/msword,eng,"In copyright, educational use permitted. Educational use includes non-commercial reproduction of text and images in materials for teaching and research purposes. For other contexts beyond fair use, including digital reproduction, please contact the Alaska Chapter of The Wildlife Society at twsalaska@gmail.com. The Alaska Chapter of The Wildlife Society is not liable for any violations of the law by users.",http://rightsstatements.org/vocab/InC-NC/1.0/,,aktws_legislative_open_house_2007,/objects/aktws_legislative_open_house_2007.doc,/objects/small/aktws_legislative_open_house_2007_sm.jpg,/objects/thumbs/aktws_legislative_open_house_2007_th.jpg,invitation letter source document,
aktws0155,"TWS Comments on the Supplemental Northeast National Petroleum Reserve-Alaska Amended Integrated Activity Plan, 2007","Hutchins, Michael",2007-01-08,"A letter from The Wildlife Society to BLM Northeast NPR-A Team Leader Jim Ducker providing comments to assist in preparing the supplemental amended Integrated Activity Plan and Environmental Impact Statement, following the 2006 federal court decision vacating the earlier plan.",correspondence; Bureau of Land Management,"Bethesda, Maryland",38.9847,-77.0947,Alaska Chapter of the Wildlife Society Collection,Text,application/pdf,eng,"In copyright, educational use permitted. Educational use includes non-commercial reproduction of text and images in materials for teaching and research purposes. For other contexts beyond fair use, including digital reproduction, please contact the Alaska Chapter of The Wildlife Society at twsalaska@gmail.com. The Alaska Chapter of The Wildlife Society is not liable for any violations of the law by users.",http://rightsstatements.org/vocab/InC-NC/1.0/,,2007_blm_npra_scoping_comments_michael_hutchins,/objects/2007_blm_npra_scoping_comments_michael_hutchins.pdf,/objects/small/2007_blm_npra_scoping_comments_michael_hutchins_sm.jpg,/objects/thumbs/2007_blm_npra_scoping_comments_michael_hutchins_th.jpg,comment letter,
aktws0156,Powerpointlessness,"Person, Dave",2007-02-01,A humorous member contribution on the pitfalls of PowerPoint-driven presentations at professional wildlife conferences and meetings.,opinion; member contributions,,,,Alaska Chapter of the Wildlife Society Collection,Text,application/pdf,eng,"In copyright, educational use permitted. Educational use includes non-commercial reproduction of text and images in materials for teaching and research purposes. For other contexts beyond fair use, including digital reproduction, please contact the Alaska Chapter of The Wildlife Society at twsalaska@gmail.com. The Alaska Chapter of The Wildlife Society is not liable for any violations of the law by users.",http://rightsstatements.org/vocab/InC-NC/1.0/,,ak_tws_2007_opinion_person_feb,/objects/ak_tws_2007_opinion_person_feb.pdf,/objects/small/ak_tws_2007_opinion_person_feb_sm.jpg,/objects/thumbs/ak_tws_2007_opinion_person_feb_th.jpg,newsletter opinion article,
aktws0157,"The Alaskan Wildlifer, February 2007",AKTWS,2007-02-01,"Newsletter of the Alaska Chapter of The Wildlife Society. Reports the Chapter's first legislative open house in Juneau, its status as the largest chapter in TWS, and the outcome of the bear technical reviews.",newsletters,,,,Alaska Chapter of the Wildlife Society Collection,Text,application/pdf,eng,"In copyright, educational use permitted. Educational use includes non-commercial reproduction of text and images in materials for teaching and research purposes. For other contexts beyond fair use, including digital reproduction, please contact the Alaska Chapter of The Wildlife Society at twsalaska@gmail.com. The Alaska Chapter of The Wildlife Society is not liable for any violations of the law by users.",http://rightsstatements.org/vocab/InC-NC/1.0/,,ak_tws_2007_newsletter_feb,/objects/ak_tws_2007_newsletter_feb.pdf,/objects/small/ak_tws_2007_newsletter_feb_sm.jpg,/objects/thumbs/ak_tws_2007_newsletter_feb_th.jpg,newsletter first page,
aktws0158,Roles of research scientists in natural resource decision-making,"Paragi, Tom",2007-05-01,A member contribution reviewing Mills and Clark's 2001 Forest Ecology and Management article on the pitfalls facing scientists who engage in natural resource policy decisions.,opinion; member contributions,,,,Alaska Chapter of the Wildlife Society Collection,Text,application/pdf,eng,"In copyright, educational use permitted. Educational use includes non-commercial reproduction of text and images in materials for teaching and research purposes. For other contexts beyond fair use, including digital reproduction, please contact the Alaska Chapter of The Wildlife Society at twsalaska@gmail.com. The Alaska Chapter of The Wildlife Society is not liable for any violations of the law by users.",http://rightsstatements.org/vocab/InC-NC/1.0/,,ak_tws_2007_opinion_paragi_may,/objects/ak_tws_2007_opinion_paragi_may.pdf,/objects/small/ak_tws_2007_opinion_paragi_may_sm.jpg,/objects/thumbs/ak_tws_2007_opinion_paragi_may_th.jpg,newsletter opinion article,
aktws0159,"The Alaskan Wildlifer, May 2007",AKTWS,2007-05-01,"Newsletter of the Alaska Chapter of The Wildlife Society. Covers the annual Chapter meeting and Northern Furbearer Conference in Juneau, wildlife disease monitoring, and the start of a TWS technical review of predator control in Alaska.",newsletters,,,,Alaska Chapter of the Wildlife Society Collection,Text,application/pdf,eng,"In copyright, educational use permitted. Educational use includes non-commercial reproduction of text and images in materials for teaching and research purposes. For other contexts beyond fair use, including digital reproduction, please contact the Alaska Chapter of The Wildlife Society at twsalaska@gmail.com. The Alaska Chapter of The Wildlife Society is not liable for any violations of the law by users.",http://rightsstatements.org/vocab/InC-NC/1.0/,,ak_tws_2007_newsletter_may,/objects/ak_tws_2007_newsletter_may.pdf,/objects/small/ak_tws_2007_newsletter_may_sm.jpg,/objects/thumbs/ak_tws_2007_newsletter_may_th.jpg,newsletter first page,
aktws0160,"Examining the ""Illusion of Preservation"" in Alaska","Paragi, Tom",2007-08-01,"A member contribution examining Berlik, Kittredge, and Foster's argument that domestic conservation policies in affluent nations shift environmental degradation to developing countries, and its relevance to Alaska.",opinion; member contributions,,,,Alaska Chapter of the Wildlife Society Collection,Text,application/pdf,eng,"In copyright, educational use permitted. Educational use includes non-commercial reproduction of text and images in materials for teaching and research purposes. For other contexts beyond fair use, including digital reproduction, please contact the Alaska Chapter of The Wildlife Society at twsalaska@gmail.com. The Alaska Chapter of The Wildlife Society is not liable for any violations of the law by users.",http://rightsstatements.org/vocab/InC-NC/1.0/,,ak_tws_2007_opinion_paragi_aug,/objects/ak_tws_2007_opinion_paragi_aug.pdf,/objects/small/ak_tws_2007_opinion_paragi_aug_sm.jpg,/objects/thumbs/ak_tws_2007_opinion_paragi_aug_th.jpg,newsletter opinion article,
aktws0161,"The Alaskan Wildlifer, August 2007",AKTWS,2007-08-01,Newsletter of the Alaska Chapter of The Wildlife Society. Announces Alaska as the 2007 Chapter of the Year and the start of a position statement on the use of pack goats near wild sheep and goats.,newsletters,,,,Alaska Chapter of the Wildlife Society Collection,Text,application/pdf,eng,"In copyright, educational use permitted. Educational use includes non-commercial reproduction of text and images in materials for teaching and research purposes. For other contexts beyond fair use, including digital reproduction, please contact the Alaska Chapter of The Wildlife Society at twsalaska@gmail.com. The Alaska Chapter of The Wildlife Society is not liable for any violations of the law by users.",http://rightsstatements.org/vocab/InC-NC/1.0/,,ak_tws_2007_newsletter_aug,/objects/ak_tws_2007_newsletter_aug.pdf,/objects/small/ak_tws_2007_newsletter_aug_sm.jpg,/objects/thumbs/ak_tws_2007_newsletter_aug_th.jpg,newsletter first page,
aktws0162,"Presentation: Alaska Chapter of the Year, Tucson 2007","Paragi, Tom",2007-09-01,"A slide presentation given by Tom Paragi at the 2007 TWS annual conference in Tucson, Arizona accepting the Chapter of the Year award and summarizing Alaska Chapter membership, bylaw changes, and activity at Section and national levels.",presentations,"Tucson, Arizona",32.2226,-110.9747,Alaska Chapter of the Wildlife Society Collection,Text,application/vnd.ms-powerpoint,eng,"In copyright, educational use permitted. Educational use includes non-commercial reproduction of text and images in materials for teaching and research purposes. For other contexts beyond fair use, including digital reproduction, please contact the Alaska Chapter of The Wildlife Society at twsalaska@gmail.com. The Alaska Chapter of The Wildlife Society is not liable for any violations of the law by users.",http://rightsstatements.org/vocab/InC-NC/1.0/,,alaska_chapter_of_the_year_2007_tucson_az_paragi,/objects/alaska_chapter_of_the_year_2007_tucson_az_paragi.ppt,/objects/small/alaska_chapter_of_the_year_2007_tucson_az_paragi_sm.jpg,/objects/thumbs/alaska_chapter_of_the_year_2007_tucson_az_paragi_th.jpg,presentation slides,
aktws0163,Are We Goblins or Gurus?,"Person, Dave",2007-11-01,"A member contribution on the role of wildlife scientists in natural resource policy, questioning whether biologists should simply supply information to decision makers or advocate for their findings.",opinion; member contributions,,,,Alaska Chapter of the Wildlife Society Collection,Text,application/pdf,eng,"In copyright, educational use permitted. Educational use includes non-commercial reproduction of text and images in materials for teaching and research purposes. For other contexts beyond fair use, including digital reproduction, please contact the Alaska Chapter of The Wildlife Society at twsalaska@gmail.com. The Alaska Chapter of The Wildlife Society is not liable for any violations of the law by users.",http://rightsstatements.org/vocab/InC-NC/1.0/,,ak_tws_2007_opinion_person_nov,/objects/ak_tws_2007_opinion_person_nov.pdf,/objects/small/ak_tws_2007_opinion_person_nov_sm.jpg,/objects/thumbs/ak_tws_2007_opinion_person_nov_th.jpg,newsletter opinion article,
aktws0164,"The Alaskan Wildlifer, November 2007",AKTWS,2007-11-01,"Newsletter of the Alaska Chapter of The Wildlife Society. Covers Chapter comments on the Northeast National Petroleum Reserve-Alaska, changes in tundra fire regimes, and Governor Palin's consideration of returning the Habitat Division to ADF&G.",newsletters,,,,Alaska Chapter of the Wildlife Society Collection,Text,application/pdf,eng,"In copyright, educational use permitted. Educational use includes non-commercial reproduction of text and images in materials for teaching and research purposes. For other contexts beyond fair use, including digital reproduction, please contact the Alaska Chapter of The Wildlife Society at twsalaska@gmail.com. The Alaska Chapter of The Wildlife Society is not liable for any violations of the law by users.",http://rightsstatements.org/vocab/InC-NC/1.0/,,ak_tws_2007_newsletter_nov,/objects/ak_tws_2007_newsletter_nov.pdf,/objects/small/ak_tws_2007_newsletter_nov_sm.jpg,/objects/thumbs/ak_tws_2007_newsletter_nov_th.jpg,newsletter first page,
aktws0165,Our progress in wildlife GIS studies is over 10 years behind its potential,"Huettmann, Falk",2008,"A member contribution critiquing an ESRI ""GIS Best Practices"" publication on wildlife conservation and calling for improved management of land, water rights, and global wealth in wildlife GIS work. Year of publication is 2008; the specific month is not stated in the document.",opinion; member contributions,,,,Alaska Chapter of the Wildlife Society Collection,Text,application/pdf,eng,"In copyright, educational use permitted. Educational use includes non-commercial reproduction of text and images in materials for teaching and research purposes. For other contexts beyond fair use, including digital reproduction, please contact the Alaska Chapter of The Wildlife Society at twsalaska@gmail.com. The Alaska Chapter of The Wildlife Society is not liable for any violations of the law by users.",http://rightsstatements.org/vocab/InC-NC/1.0/,,ak_tws_2008_opinion_huettmann,/objects/ak_tws_2008_opinion_huettmann.pdf,/objects/small/ak_tws_2008_opinion_huettmann_sm.jpg,/objects/thumbs/ak_tws_2008_opinion_huettmann_th.jpg,newsletter opinion article,
aktws0166,Questionnaire for Alaska Chapter Position Statement Requests,AKTWS,2008,"The questionnaire adopted by the Alaska Chapter Executive Board in January 2005 to standardize requests for position statements under Article VII, Section 5 of the Chapter bylaws.",chapter records,,,,Alaska Chapter of the Wildlife Society Collection,Text,application/msword,eng,"In copyright, educational use permitted. Educational use includes non-commercial reproduction of text and images in materials for teaching and research purposes. For other contexts beyond fair use, including digital reproduction, please contact the Alaska Chapter of The Wildlife Society at twsalaska@gmail.com. The Alaska Chapter of The Wildlife Society is not liable for any violations of the law by users.",http://rightsstatements.org/vocab/InC-NC/1.0/,,position_criteria_questionnaire_2008,/objects/position_criteria_questionnaire_2008.doc,/objects/small/position_criteria_questionnaire_2008_sm.jpg,/objects/thumbs/position_criteria_questionnaire_2008_th.jpg,questionnaire form,
aktws0167,"Governor Jay Hammond's Detailed Plan for Ecosystem Management, 2008","Hammond, Jay",2008-01-11,"The second of a two-part newspaper transcript of an interview with former Alaska Governor Jay Hammond, conducted near his Lake Clark home weeks before his death in 2005, in which he outlines a plan for ecosystem management.",reference materials,,,,Alaska Chapter of the Wildlife Society Collection,Text,application/msword,eng,"In copyright, educational use permitted. Educational use includes non-commercial reproduction of text and images in materials for teaching and research purposes. For other contexts beyond fair use, including digital reproduction, please contact the Alaska Chapter of The Wildlife Society at twsalaska@gmail.com. The Alaska Chapter of The Wildlife Society is not liable for any violations of the law by users.",http://rightsstatements.org/vocab/InC-NC/1.0/,,gov_hammond_detailed_plan_for_ecosystem_management_2008,/objects/gov_hammond_detailed_plan_for_ecosystem_management_2008.doc,/objects/small/gov_hammond_detailed_plan_for_ecosystem_management_2008_sm.jpg,/objects/thumbs/gov_hammond_detailed_plan_for_ecosystem_management_2008_th.jpg,newspaper interview transcript,
aktws0168,"The Alaskan Wildlifer, February 2008",AKTWS,2008-02-01,Newsletter of the Alaska Chapter of The Wildlife Society. Tom Paragi reflects on his two-year term as president; includes Executive Board elections and the call for papers for the 2008 annual meeting.,newsletters,,,,Alaska Chapter of the Wildlife Society Collection,Text,application/pdf,eng,"In copyright, educational use permitted. Educational use includes non-commercial reproduction of text and images in materials for teaching and research purposes. For other contexts beyond fair use, including digital reproduction, please contact the Alaska Chapter of The Wildlife Society at twsalaska@gmail.com. The Alaska Chapter of The Wildlife Society is not liable for any violations of the law by users.",http://rightsstatements.org/vocab/InC-NC/1.0/,,ak_tws_2008_newsletter_feb,/objects/ak_tws_2008_newsletter_feb.pdf,/objects/small/ak_tws_2008_newsletter_feb_sm.jpg,/objects/thumbs/ak_tws_2008_newsletter_feb_th.jpg,newsletter first page,
aktws0169,Uncommon Sense,"Person, Dave",2008-02-01,"A member contribution critiquing the use of ""common sense,"" ""balance,"" and ""consensus"" as substitutes for rigorous analysis in natural resource decision-making.",opinion; member contributions,,,,Alaska Chapter of the Wildlife Society Collection,Text,application/pdf,eng,"In copyright, educational use permitted. Educational use includes non-commercial reproduction of text and images in materials for teaching and research purposes. For other contexts beyond fair use, including digital reproduction, please contact the Alaska Chapter of The Wildlife Society at twsalaska@gmail.com. The Alaska Chapter of The Wildlife Society is not liable for any violations of the law by users.",http://rightsstatements.org/vocab/InC-NC/1.0/,,ak_tws_2008_opinion_person_feb,/objects/ak_tws_2008_opinion_person_feb.pdf,/objects/small/ak_tws_2008_opinion_person_feb_sm.jpg,/objects/thumbs/ak_tws_2008_opinion_person_feb_th.jpg,newsletter opinion article,
aktws0170,"Testimony of Eric J. Taylor on House Bill 256, Aerial Shooting of Game, 2008","Taylor, Eric J.",2008-02-20,"Testimony delivered by Eric J. Taylor on behalf of the Alaska Chapter before the Alaska State Legislature House Judiciary Committee regarding House Bill 256 on active game management and airborne or same day airborne taking of game animals, with Tom Paragi's comments.",legislative testimony,"Juneau, Alaska",58.3019,-134.4197,Alaska Chapter of the Wildlife Society Collection,Text,application/msword,eng,"In copyright, educational use permitted. Educational use includes non-commercial reproduction of text and images in materials for teaching and research purposes. For other contexts beyond fair use, including digital reproduction, please contact the Alaska Chapter of The Wildlife Society at twsalaska@gmail.com. The Alaska Chapter of The Wildlife Society is not liable for any violations of the law by users.",http://rightsstatements.org/vocab/InC-NC/1.0/,,hb256_2008_taylor_testimony_aerial_shooting_finaldraft_paragi_comments,/objects/hb256_2008_taylor_testimony_aerial_shooting_finaldraft_paragi_comments.doc,/objects/small/hb256_2008_taylor_testimony_aerial_shooting_finaldraft_paragi_comments_sm.jpg,/objects/thumbs/hb256_2008_taylor_testimony_aerial_shooting_finaldraft_paragi_comments_th.jpg,legislative testimony document,
aktws0171,"The Alaskan Wildlifer, May 2008",AKTWS,2008-05-01,"Newsletter of the Alaska Chapter of The Wildlife Society. Howard Golden's first message as president, introducing the new Executive Board and a member vote on the rotation of annual meeting locations.",newsletters,,,,Alaska Chapter of the Wildlife Society Collection,Text,application/pdf,eng,"In copyright, educational use permitted. Educational use includes non-commercial reproduction of text and images in materials for teaching and research purposes. For other contexts beyond fair use, including digital reproduction, please contact the Alaska Chapter of The Wildlife Society at twsalaska@gmail.com. The Alaska Chapter of The Wildlife Society is not liable for any violations of the law by users.",http://rightsstatements.org/vocab/InC-NC/1.0/,,ak_tws_2008_newsletter_may,/objects/ak_tws_2008_newsletter_may.pdf,/objects/small/ak_tws_2008_newsletter_may_sm.jpg,/objects/thumbs/ak_tws_2008_newsletter_may_th.jpg,newsletter first page,
aktws0172,Reliable knowledge should guide wildlife management decisions and policy,"Golden, Howard",2008-06-29,"An opinion piece by Howard Golden and the Alaska Chapter Executive Board, published in the Fairbanks Daily News-Miner, explaining the scientific process and how sound science should inform wildlife decisions and public policy.",opinion; member contributions,"Fairbanks, Alaska",64.8378,-147.7164,Alaska Chapter of the Wildlife Society Collection,Text,application/pdf,eng,"In copyright, educational use permitted. Educational use includes non-commercial reproduction of text and images in materials for teaching and research purposes. For other contexts beyond fair use, including digital reproduction, please contact the Alaska Chapter of The Wildlife Society at twsalaska@gmail.com. The Alaska Chapter of The Wildlife Society is not liable for any violations of the law by users.",http://rightsstatements.org/vocab/InC-NC/1.0/,,ak_tws_2008_opinion_golden,/objects/ak_tws_2008_opinion_golden.pdf,/objects/small/ak_tws_2008_opinion_golden_sm.jpg,/objects/thumbs/ak_tws_2008_opinion_golden_th.jpg,newspaper opinion article,
aktws0173,Supporting References for the Position on Oil Development in the Arctic National Wildlife Refuge,AKTWS,2008-07-01,"A committee draft bibliography of supporting references compiled for the Alaska Chapter position on oil development in the Arctic National Wildlife Refuge, revised July 2008.",position statements; reference materials,,,,Alaska Chapter of the Wildlife Society Collection,Text,application/pdf,eng,"In copyright, educational use permitted. Educational use includes non-commercial reproduction of text and images in materials for teaching and research purposes. For other contexts beyond fair use, including digital reproduction, please contact the Alaska Chapter of The Wildlife Society at twsalaska@gmail.com. The Alaska Chapter of The Wildlife Society is not liable for any violations of the law by users.",http://rightsstatements.org/vocab/InC-NC/1.0/,,ak_tws_2008_position_statement_anwr_supplement,/objects/ak_tws_2008_position_statement_anwr_supplement.pdf,/objects/small/ak_tws_2008_position_statement_anwr_supplement_sm.jpg,/objects/thumbs/ak_tws_2008_position_statement_anwr_supplement_th.jpg,bibliography document,
aktws0174,"Ballot Measure 2: ""The devil is in the details""","Bishop, Richard H.",2008-08-01,"A member contribution analyzing Alaska Ballot Measure 2, which would limit aerial shooting of wolves and grizzly bears to a defined ""biological emergency,"" and examining the practical consequences of its wording.",opinion; member contributions,,,,Alaska Chapter of the Wildlife Society Collection,Text,application/pdf,eng,"In copyright, educational use permitted. Educational use includes non-commercial reproduction of text and images in materials for teaching and research purposes. For other contexts beyond fair use, including digital reproduction, please contact the Alaska Chapter of The Wildlife Society at twsalaska@gmail.com. The Alaska Chapter of The Wildlife Society is not liable for any violations of the law by users.",http://rightsstatements.org/vocab/InC-NC/1.0/,,ak_tws_2008_opinion_bishop,/objects/ak_tws_2008_opinion_bishop.pdf,/objects/small/ak_tws_2008_opinion_bishop_sm.jpg,/objects/thumbs/ak_tws_2008_opinion_bishop_th.jpg,newsletter opinion article,
aktws0175,"Politics and ""Sound"" Science","Person, Dave",2008-08-01,"A member contribution on the political use of the phrase ""sound science"" in debates over polar bears and global warming, and what the term actually requires of scientists.",opinion; member contributions,,,,Alaska Chapter of the Wildlife Society Collection,Text,application/pdf,eng,"In copyright, educational use permitted. Educational use includes non-commercial reproduction of text and images in materials for teaching and research purposes. For other contexts beyond fair use, including digital reproduction, please contact the Alaska Chapter of The Wildlife Society at twsalaska@gmail.com. The Alaska Chapter of The Wildlife Society is not liable for any violations of the law by users.",http://rightsstatements.org/vocab/InC-NC/1.0/,,ak_tws_2008_opinion_person_aug,/objects/ak_tws_2008_opinion_person_aug.pdf,/objects/small/ak_tws_2008_opinion_person_aug_sm.jpg,/objects/thumbs/ak_tws_2008_opinion_person_aug_th.jpg,newsletter opinion article,
aktws0176,"The Alaskan Wildlifer, August 2008",AKTWS,2008-08-01,Newsletter of the Alaska Chapter of The Wildlife Society. Includes a perspective on reliable knowledge guiding wildlife decisions and member contributions on Ballot Measure 2 and the politics of sound science.,newsletters,,,,Alaska Chapter of the Wildlife Society Collection,Text,application/pdf,eng,"In copyright, educational use permitted. Educational use includes non-commercial reproduction of text and images in materials for teaching and research purposes. For other contexts beyond fair use, including digital reproduction, please contact the Alaska Chapter of The Wildlife Society at twsalaska@gmail.com. The Alaska Chapter of The Wildlife Society is not liable for any violations of the law by users.",http://rightsstatements.org/vocab/InC-NC/1.0/,,ak_tws_2008_newsletter_aug,/objects/ak_tws_2008_newsletter_aug.pdf,/objects/small/ak_tws_2008_newsletter_aug_sm.jpg,/objects/thumbs/ak_tws_2008_newsletter_aug_th.jpg,newsletter first page,
aktws0177,Position Statement: Oil and Gas Development in the Arctic National Wildlife Refuge,AKTWS,2008-09-05,"The Alaska Chapter position statement on oil and gas development in the Arctic National Wildlife Refuge, reviewing the Refuge's establishment and the purposes set for it by ANILCA in 1980.",position statements,,,,Alaska Chapter of the Wildlife Society Collection,Text,application/pdf,eng,"In copyright, educational use permitted. Educational use includes non-commercial reproduction of text and images in materials for teaching and research purposes. For other contexts beyond fair use, including digital reproduction, please contact the Alaska Chapter of The Wildlife Society at twsalaska@gmail.com. The Alaska Chapter of The Wildlife Society is not liable for any violations of the law by users.",http://rightsstatements.org/vocab/InC-NC/1.0/,,ak_tws_2008_position_statement_anwr,/objects/ak_tws_2008_position_statement_anwr.pdf,/objects/small/ak_tws_2008_position_statement_anwr_sm.jpg,/objects/thumbs/ak_tws_2008_position_statement_anwr_th.jpg,position statement document,
aktws0178,"The Alaskan Wildlifer, November 2008",AKTWS,2008-11-01,Newsletter of the Alaska Chapter of The Wildlife Society. Reports member approval of the revised Arctic National Wildlife Refuge position statement and covers the implications of spent lead ammunition for wildlife and humans.,newsletters,,,,Alaska Chapter of the Wildlife Society Collection,Text,application/pdf,eng,"In copyright, educational use permitted. Educational use includes non-commercial reproduction of text and images in materials for teaching and research purposes. For other contexts beyond fair use, including digital reproduction, please contact the Alaska Chapter of The Wildlife Society at twsalaska@gmail.com. The Alaska Chapter of The Wildlife Society is not liable for any violations of the law by users.",http://rightsstatements.org/vocab/InC-NC/1.0/,,ak_tws_2008_newsletter_nov,/objects/ak_tws_2008_newsletter_nov.pdf,/objects/small/ak_tws_2008_newsletter_nov_sm.jpg,/objects/thumbs/ak_tws_2008_newsletter_nov_th.jpg,newsletter first page,
aktws0179,"Tributes to Alaskan Wildlifers and Friends, 2008",AKTWS,2008-12-01,"A compiled set of tributes published by the Alaska Chapter honoring Sigurd T. ""Sig"" Olson and Michele ""Shelly"" Szepanski, both of whom died in December 2008.",tributes,,,,Alaska Chapter of the Wildlife Society Collection,Text,application/msword,eng,"In copyright, educational use permitted. Educational use includes non-commercial reproduction of text and images in materials for teaching and research purposes. For other contexts beyond fair use, including digital reproduction, please contact the Alaska Chapter of The Wildlife Society at twsalaska@gmail.com. The Alaska Chapter of The Wildlife Society is not liable for any violations of the law by users.",http://rightsstatements.org/vocab/InC-NC/1.0/,,ak_tws_2008_tributes,/objects/ak_tws_2008_tributes.doc,/objects/small/ak_tws_2008_tributes_sm.jpg,/objects/thumbs/ak_tws_2008_tributes_th.jpg,memorial tribute document,
aktws0180,"Tribute to Michele ""Shelly"" Szepanski",AKTWS,2008-12-04,"A tribute to Fairbanks resident Michele ""Shelly"" Szepanski, who died December 4, 2008 at age 41 after a four-year battle with melanoma, recounting her contributions to the conservation of Alaska's wildlife.",tributes,"Fairbanks, Alaska",64.8378,-147.7164,Alaska Chapter of the Wildlife Society Collection,Text,application/pdf,eng,"In copyright, educational use permitted. Educational use includes non-commercial reproduction of text and images in materials for teaching and research purposes. For other contexts beyond fair use, including digital reproduction, please contact the Alaska Chapter of The Wildlife Society at twsalaska@gmail.com. The Alaska Chapter of The Wildlife Society is not liable for any violations of the law by users.",http://rightsstatements.org/vocab/InC-NC/1.0/,,ak_tws_2008_tribute_szepanski,/objects/ak_tws_2008_tribute_szepanski.pdf,/objects/small/ak_tws_2008_tribute_szepanski_sm.jpg,/objects/thumbs/ak_tws_2008_tribute_szepanski_th.jpg,memorial tribute document,
aktws0181,"Tribute to Sigurd T. ""Sig"" Olson",AKTWS,2008-12-21,"A tribute to Sigurd T. ""Sig"" Olson, longtime Douglas, Alaska resident and wildlife biologist, who died December 21, 2008 at age 85. Son of conservationist Sigurd F. Olson, he authored an important early thesis on loons.",tributes,"Douglas, Alaska",58.2758,-134.3944,Alaska Chapter of the Wildlife Society Collection,Text,application/pdf,eng,"In copyright, educational use permitted. Educational use includes non-commercial reproduction of text and images in materials for teaching and research purposes. For other contexts beyond fair use, including digital reproduction, please contact the Alaska Chapter of The Wildlife Society at twsalaska@gmail.com. The Alaska Chapter of The Wildlife Society is not liable for any violations of the law by users.",http://rightsstatements.org/vocab/InC-NC/1.0/,,ak_tws_2008_tribute_olson,/objects/ak_tws_2008_tribute_olson.pdf,/objects/small/ak_tws_2008_tribute_olson_sm.jpg,/objects/thumbs/ak_tws_2008_tribute_olson_th.jpg,memorial tribute document,
aktws0182,The Wildlife Society Final Position Statement: Arctic National Wildlife Refuge,AKTWS,2009,"The final national position statement of The Wildlife Society on the Arctic National Wildlife Refuge, issued from TWS headquarters in Bethesda, Maryland.",position statements,"Bethesda, Maryland",38.9847,-77.0947,Alaska Chapter of the Wildlife Society Collection,Text,application/pdf,eng,"In copyright, educational use permitted. Educational use includes non-commercial reproduction of text and images in materials for teaching and research purposes. For other contexts beyond fair use, including digital reproduction, please contact the Alaska Chapter of The Wildlife Society at twsalaska@gmail.com. The Alaska Chapter of The Wildlife Society is not liable for any violations of the law by users.",http://rightsstatements.org/vocab/InC-NC/1.0/,,tws_2009_position_statement_anwr,/objects/tws_2009_position_statement_anwr.pdf,/objects/small/tws_2009_position_statement_anwr_sm.jpg,/objects/thumbs/tws_2009_position_statement_anwr_th.jpg,position statement document,
aktws0183,"The Alaskan Wildlifer, February 2009",AKTWS,2009-02-01,Newsletter of the Alaska Chapter of The Wildlife Society. Previews the joint Chapter and Northwest Section meeting in Fairbanks and includes tributes to two Alaskan wildlifers.,newsletters,,,,Alaska Chapter of the Wildlife Society Collection,Text,application/pdf,eng,"In copyright, educational use permitted. Educational use includes non-commercial reproduction of text and images in materials for teaching and research purposes. For other contexts beyond fair use, including digital reproduction, please contact the Alaska Chapter of The Wildlife Society at twsalaska@gmail.com. The Alaska Chapter of The Wildlife Society is not liable for any violations of the law by users.",http://rightsstatements.org/vocab/InC-NC/1.0/,,ak_tws_2009_newsletter_feb,/objects/ak_tws_2009_newsletter_feb.pdf,/objects/small/ak_tws_2009_newsletter_feb_sm.jpg,/objects/thumbs/ak_tws_2009_newsletter_feb_th.jpg,newsletter first page,
aktws0184,"Tribute to Albert W. ""Al"" Franzmann",AKTWS,2009-02-13,"A tribute to Dr. Albert Franzmann, pioneering moose research biologist and director of the ADF&G Moose Research Center near Soldotna from 1972 to 1987, who died February 13, 2009.",tributes,,,,Alaska Chapter of the Wildlife Society Collection,Text,application/pdf,eng,"In copyright, educational use permitted. Educational use includes non-commercial reproduction of text and images in materials for teaching and research purposes. For other contexts beyond fair use, including digital reproduction, please contact the Alaska Chapter of The Wildlife Society at twsalaska@gmail.com. The Alaska Chapter of The Wildlife Society is not liable for any violations of the law by users.",http://rightsstatements.org/vocab/InC-NC/1.0/,,ak_tws_2009_tribute_franzmann,/objects/ak_tws_2009_tribute_franzmann.pdf,/objects/small/ak_tws_2009_tribute_franzmann_sm.jpg,/objects/thumbs/ak_tws_2009_tribute_franzmann_th.jpg,memorial tribute document,
aktws0185,"The Alaskan Wildlifer, May 2009",AKTWS,2009-05-01,"Newsletter of the Alaska Chapter of The Wildlife Society. Reports on the joint Chapter and Northwest Section meeting in Fairbanks, proposed Steller's eider hunting regulations, and a tribute to Al Franzmann.",newsletters,,,,Alaska Chapter of the Wildlife Society Collection,Text,application/pdf,eng,"In copyright, educational use permitted. Educational use includes non-commercial reproduction of text and images in materials for teaching and research purposes. For other contexts beyond fair use, including digital reproduction, please contact the Alaska Chapter of The Wildlife Society at twsalaska@gmail.com. The Alaska Chapter of The Wildlife Society is not liable for any violations of the law by users.",http://rightsstatements.org/vocab/InC-NC/1.0/,,ak_tws_2009_newsletter_may,/objects/ak_tws_2009_newsletter_may.pdf,/objects/small/ak_tws_2009_newsletter_may_sm.jpg,/objects/thumbs/ak_tws_2009_newsletter_may_th.jpg,newsletter first page,
aktws0186,"Tribute to Margaret ""Meg"" Hahr",AKTWS,2009-06-21,"A tribute to Margaret ""Meg"" Hahr, former Kenai Fjords National Park wildlife ecologist and Alaska Chapter member, who died June 21, 2009 at age 41 from injuries sustained in a mountain biking accident.",tributes,,,,Alaska Chapter of the Wildlife Society Collection,Text,application/pdf,eng,"In copyright, educational use permitted. Educational use includes non-commercial reproduction of text and images in materials for teaching and research purposes. For other contexts beyond fair use, including digital reproduction, please contact the Alaska Chapter of The Wildlife Society at twsalaska@gmail.com. The Alaska Chapter of The Wildlife Society is not liable for any violations of the law by users.",http://rightsstatements.org/vocab/InC-NC/1.0/,,ak_tws_2009_tribute_hahr,/objects/ak_tws_2009_tribute_hahr.pdf,/objects/small/ak_tws_2009_tribute_hahr_sm.jpg,/objects/thumbs/ak_tws_2009_tribute_hahr_th.jpg,memorial tribute document,
aktws0187,"The Alaskan Wildlifer, August 2009",AKTWS,2009-08-01,"Newsletter of the Alaska Chapter of The Wildlife Society. Reports progress on the ballot initiative, intensive management, and pack goat disease risk position statements, the new Albert W. Franzmann and Distinguished Colleagues Memorial Award, and a tribute to Meg Hahr.",newsletters,,,,Alaska Chapter of the Wildlife Society Collection,Text,application/pdf,eng,"In copyright, educational use permitted. Educational use includes non-commercial reproduction of text and images in materials for teaching and research purposes. For other contexts beyond fair use, including digital reproduction, please contact the Alaska Chapter of The Wildlife Society at twsalaska@gmail.com. The Alaska Chapter of The Wildlife Society is not liable for any violations of the law by users.",http://rightsstatements.org/vocab/InC-NC/1.0/,,ak_tws_2009_newsletter_aug,/objects/ak_tws_2009_newsletter_aug.pdf,/objects/small/ak_tws_2009_newsletter_aug_sm.jpg,/objects/thumbs/ak_tws_2009_newsletter_aug_th.jpg,newsletter first page,
aktws0188,"The Alaskan Wildlifer, November 2009",AKTWS,2009-11-01,"Newsletter of the Alaska Chapter of The Wildlife Society. Reports ballot results on the annual meeting schedule, marine mammal conservation actions, and the development of a new federal subsistence policy.",newsletters,,,,Alaska Chapter of the Wildlife Society Collection,Text,application/pdf,eng,"In copyright, educational use permitted. Educational use includes non-commercial reproduction of text and images in materials for teaching and research purposes. For other contexts beyond fair use, including digital reproduction, please contact the Alaska Chapter of The Wildlife Society at twsalaska@gmail.com. The Alaska Chapter of The Wildlife Society is not liable for any violations of the law by users.",http://rightsstatements.org/vocab/InC-NC/1.0/,,ak_tws_2009_newsletter_nov,/objects/ak_tws_2009_newsletter_nov.pdf,/objects/small/ak_tws_2009_newsletter_nov_sm.jpg,/objects/thumbs/ak_tws_2009_newsletter_nov_th.jpg,newsletter first page,
aktws0189,"The Alaskan Wildlifer, February 2010",AKTWS,2010-02-01,"Newsletter of the Alaska Chapter of The Wildlife Society. Howard Golden's outgoing message on the Anchorage annual meeting, plus the 2010 business meeting and new Executive Board members.",newsletters,,,,Alaska Chapter of the Wildlife Society Collection,Text,application/pdf,eng,"In copyright, educational use permitted. Educational use includes non-commercial reproduction of text and images in materials for teaching and research purposes. For other contexts beyond fair use, including digital reproduction, please contact the Alaska Chapter of The Wildlife Society at twsalaska@gmail.com. The Alaska Chapter of The Wildlife Society is not liable for any violations of the law by users.",http://rightsstatements.org/vocab/InC-NC/1.0/,,ak_tws_2010_newsletter_feb,/objects/ak_tws_2010_newsletter_feb.pdf,/objects/small/ak_tws_2010_newsletter_feb_sm.jpg,/objects/thumbs/ak_tws_2010_newsletter_feb_th.jpg,newsletter first page,
aktws0190,"Letter on House Bill 267, Snowmachine Access in the Dalton Highway Corridor, 2010","Hundertmark, Kris",2010-03-30,"A letter from Alaska Chapter President Kris Hundertmark regarding House Bill 267, which addressed snowmachine access in the Dalton Highway corridor.",correspondence; Alaska Legislature,"Fairbanks, Alaska",64.8378,-147.7164,Alaska Chapter of the Wildlife Society Collection,Text,application/pdf,eng,"In copyright, educational use permitted. Educational use includes non-commercial reproduction of text and images in materials for teaching and research purposes. For other contexts beyond fair use, including digital reproduction, please contact the Alaska Chapter of The Wildlife Society at twsalaska@gmail.com. The Alaska Chapter of The Wildlife Society is not liable for any violations of the law by users.",http://rightsstatements.org/vocab/InC-NC/1.0/,,hb_267_2010_snowmachine_access_dalton_hwy_corridor,/objects/hb_267_2010_snowmachine_access_dalton_hwy_corridor.pdf,/objects/small/hb_267_2010_snowmachine_access_dalton_hwy_corridor_sm.jpg,/objects/thumbs/hb_267_2010_snowmachine_access_dalton_hwy_corridor_th.jpg,letter on chapter letterhead,
aktws0191,"The Alaskan Wildlifer, May 2010",AKTWS,2010-05-01,"Newsletter of the Alaska Chapter of The Wildlife Society. Kris Hundertmark's first message as president, thanking the outgoing board and covering leadership changes at ADF&G.",newsletters,,,,Alaska Chapter of the Wildlife Society Collection,Text,application/pdf,eng,"In copyright, educational use permitted. Educational use includes non-commercial reproduction of text and images in materials for teaching and research purposes. For other contexts beyond fair use, including digital reproduction, please contact the Alaska Chapter of The Wildlife Society at twsalaska@gmail.com. The Alaska Chapter of The Wildlife Society is not liable for any violations of the law by users.",http://rightsstatements.org/vocab/InC-NC/1.0/,,ak_tws_2010_newsletter_may,/objects/ak_tws_2010_newsletter_may.pdf,/objects/small/ak_tws_2010_newsletter_may_sm.jpg,/objects/thumbs/ak_tws_2010_newsletter_may_th.jpg,newsletter first page,
aktws0192,Goodbye to a colleague and friend: Erich Follmann,"Paragi, Tom; Reynolds, Harry",2010-07-26,"A tribute by Tom Paragi and Harry Reynolds to Erich H. Follmann, Professor of Zoology at the University of Alaska Fairbanks, who died July 26, 2010 after supervising 20 graduate students over his UAF career.",tributes,"Fairbanks, Alaska",64.8378,-147.7164,Alaska Chapter of the Wildlife Society Collection,Text,application/pdf,eng,"In copyright, educational use permitted. Educational use includes non-commercial reproduction of text and images in materials for teaching and research purposes. For other contexts beyond fair use, including digital reproduction, please contact the Alaska Chapter of The Wildlife Society at twsalaska@gmail.com. The Alaska Chapter of The Wildlife Society is not liable for any violations of the law by users.",http://rightsstatements.org/vocab/InC-NC/1.0/,,ak_tws_2010_tribute_follmann,/objects/ak_tws_2010_tribute_follmann.pdf,/objects/small/ak_tws_2010_tribute_follmann_sm.jpg,/objects/thumbs/ak_tws_2010_tribute_follmann_th.jpg,memorial tribute document,
aktws0193,"The Alaskan Wildlifer, August 2010",AKTWS,2010-08-01,Newsletter of the Alaska Chapter of The Wildlife Society. President Kris Hundertmark writes on cardiovascular disease following the death of UAF professor Erich Follmann; includes the Southeast BioBlitz and a report from the Gulf of Mexico.,newsletters,,,,Alaska Chapter of the Wildlife Society Collection,Text,application/pdf,eng,"In copyright, educational use permitted. Educational use includes non-commercial reproduction of text and images in materials for teaching and research purposes. For other contexts beyond fair use, including digital reproduction, please contact the Alaska Chapter of The Wildlife Society at twsalaska@gmail.com. The Alaska Chapter of The Wildlife Society is not liable for any violations of the law by users.",http://rightsstatements.org/vocab/InC-NC/1.0/,,ak_tws_2010_newsletter_aug,/objects/ak_tws_2010_newsletter_aug.pdf,/objects/small/ak_tws_2010_newsletter_aug_sm.jpg,/objects/thumbs/ak_tws_2010_newsletter_aug_th.jpg,newsletter first page,
aktws0194,"The Alaskan Wildlifer, November 2010",AKTWS,2010-11-01,Newsletter of the Alaska Chapter of The Wildlife Society. Includes a tribute to John Morrison and updates on research in Southeast Alaska.,newsletters,,,,Alaska Chapter of the Wildlife Society Collection,Text,application/pdf,eng,"In copyright, educational use permitted. Educational use includes non-commercial reproduction of text and images in materials for teaching and research purposes. For other contexts beyond fair use, including digital reproduction, please contact the Alaska Chapter of The Wildlife Society at twsalaska@gmail.com. The Alaska Chapter of The Wildlife Society is not liable for any violations of the law by users.",http://rightsstatements.org/vocab/InC-NC/1.0/,,ak_tws_2010_newsletter_nov,/objects/ak_tws_2010_newsletter_nov.pdf,/objects/small/ak_tws_2010_newsletter_nov_sm.jpg,/objects/thumbs/ak_tws_2010_newsletter_nov_th.jpg,newsletter first page,
aktws0195,2011 Position Statement: Intensive Management of Big Game,AKTWS,2011,"The Alaska Chapter's 2011 position statement on intensive management of big game, setting out the Chapter's purpose in adopting positions on important wildlife management issues in the state.",position statements,,,,Alaska Chapter of the Wildlife Society Collection,Text,application/pdf,eng,"In copyright, educational use permitted. Educational use includes non-commercial reproduction of text and images in materials for teaching and research purposes. For other contexts beyond fair use, including digital reproduction, please contact the Alaska Chapter of The Wildlife Society at twsalaska@gmail.com. The Alaska Chapter of The Wildlife Society is not liable for any violations of the law by users.",http://rightsstatements.org/vocab/InC-NC/1.0/,,ak_tws_2011_intensive_management_position_statement,/objects/ak_tws_2011_intensive_management_position_statement.pdf,/objects/small/ak_tws_2011_intensive_management_position_statement_sm.jpg,/objects/thumbs/ak_tws_2011_intensive_management_position_statement_th.jpg,position statement document,
aktws0196,Alaska Research Natural Areas GIS Shapefiles,AKTWS,2011-02-18,"A zip archive of GIS shapefiles delineating Research Natural Areas on BLM, Tanana Valley State Forest, and U.S. Forest Service lands in Alaska, together with a Juday citations document. Compiled 2010-2011.",datasets; reference materials,,,,Alaska Chapter of the Wildlife Society Collection,Dataset,application/zip,eng,"In copyright, educational use permitted. Educational use includes non-commercial reproduction of text and images in materials for teaching and research purposes. For other contexts beyond fair use, including digital reproduction, please contact the Alaska Chapter of The Wildlife Society at twsalaska@gmail.com. The Alaska Chapter of The Wildlife Society is not liable for any violations of the law by users.",http://rightsstatements.org/vocab/InC-NC/1.0/,,ak_research_natural_areas_shapefiles,/objects/ak_research_natural_areas_shapefiles.zip,/objects/small/ak_research_natural_areas_shapefiles_sm.jpg,/objects/thumbs/ak_research_natural_areas_shapefiles_th.jpg,zip archive of GIS shapefiles,
aktws0197,"Intensive Management Timeline, 1994 to Spring 2010",AKTWS,2011-05-01,A year-by-year timeline compiled by the Alaska Chapter documenting the history of intensive management in Alaska from the 1994 legislation through spring 2010.,position statements; reference materials,,,,Alaska Chapter of the Wildlife Society Collection,Text,application/pdf,eng,"In copyright, educational use permitted. Educational use includes non-commercial reproduction of text and images in materials for teaching and research purposes. For other contexts beyond fair use, including digital reproduction, please contact the Alaska Chapter of The Wildlife Society at twsalaska@gmail.com. The Alaska Chapter of The Wildlife Society is not liable for any violations of the law by users.",http://rightsstatements.org/vocab/InC-NC/1.0/,,ak_tws_2011_position_statement_im_timeline,/objects/ak_tws_2011_position_statement_im_timeline.pdf,/objects/small/ak_tws_2011_position_statement_im_timeline_sm.jpg,/objects/thumbs/ak_tws_2011_position_statement_im_timeline_th.jpg,timeline document,
aktws0198,"The Alaskan Wildlifer, June 2011",AKTWS,2011-06-01,Newsletter of the Alaska Chapter of The Wildlife Society. President Kris Hundertmark thanks the 2011 annual meeting organizing committee and previews planning for the 2012 Anchorage conference.,newsletters,,,,Alaska Chapter of the Wildlife Society Collection,Text,application/pdf,eng,"In copyright, educational use permitted. Educational use includes non-commercial reproduction of text and images in materials for teaching and research purposes. For other contexts beyond fair use, including digital reproduction, please contact the Alaska Chapter of The Wildlife Society at twsalaska@gmail.com. The Alaska Chapter of The Wildlife Society is not liable for any violations of the law by users.",http://rightsstatements.org/vocab/InC-NC/1.0/,,ak_tws_2011_newsletter_jun,/objects/ak_tws_2011_newsletter_jun.pdf,/objects/small/ak_tws_2011_newsletter_jun_sm.jpg,/objects/thumbs/ak_tws_2011_newsletter_jun_th.jpg,newsletter first page,
aktws0199,"The Alaskan Wildlifer, August 2011",AKTWS,2011-08-01,Newsletter of the Alaska Chapter of The Wildlife Society. President-Elect Jerry Hupp reviews the history of Alaska's intensive management law and the Chapter's developing position statement; includes an explanation of Landscape Conservation Cooperatives.,newsletters,,,,Alaska Chapter of the Wildlife Society Collection,Text,application/pdf,eng,"In copyright, educational use permitted. Educational use includes non-commercial reproduction of text and images in materials for teaching and research purposes. For other contexts beyond fair use, including digital reproduction, please contact the Alaska Chapter of The Wildlife Society at twsalaska@gmail.com. The Alaska Chapter of The Wildlife Society is not liable for any violations of the law by users.",http://rightsstatements.org/vocab/InC-NC/1.0/,,ak_tws_2011_newsletter_aug,/objects/ak_tws_2011_newsletter_aug.pdf,/objects/small/ak_tws_2011_newsletter_aug_sm.jpg,/objects/thumbs/ak_tws_2011_newsletter_aug_th.jpg,newsletter first page,
aktws0200,"The Alaskan Wildlifer, November 2011",AKTWS,2011-11-01,"Newsletter of the Alaska Chapter of The Wildlife Society. President Kris Hundertmark writes on events with a chilling effect on wildlife science in Alaska, including the federal investigation of two BOEMRE polar bear researchers.",newsletters,,,,Alaska Chapter of the Wildlife Society Collection,Text,application/pdf,eng,"In copyright, educational use permitted. Educational use includes non-commercial reproduction of text and images in materials for teaching and research purposes. For other contexts beyond fair use, including digital reproduction, please contact the Alaska Chapter of The Wildlife Society at twsalaska@gmail.com. The Alaska Chapter of The Wildlife Society is not liable for any violations of the law by users.",http://rightsstatements.org/vocab/InC-NC/1.0/,,ak_tws_2011_newsletter_nov,/objects/ak_tws_2011_newsletter_nov.pdf,/objects/small/ak_tws_2011_newsletter_nov_sm.jpg,/objects/thumbs/ak_tws_2011_newsletter_nov_th.jpg,newsletter first page,
aktws0201,"The Alaskan Wildlifer, February 2012",AKTWS,2012-02-01,Newsletter of the Alaska Chapter of The Wildlife Society. Executive Board message on the resignation of ADF&G Director of Wildlife Conservation Corey Rossi and the Chapter's letter to the Commissioner on qualifications for the next director.,newsletters,,,,Alaska Chapter of the Wildlife Society Collection,Text,application/pdf,eng,"In copyright, educational use permitted. Educational use includes non-commercial reproduction of text and images in materials for teaching and research purposes. For other contexts beyond fair use, including digital reproduction, please contact the Alaska Chapter of The Wildlife Society at twsalaska@gmail.com. The Alaska Chapter of The Wildlife Society is not liable for any violations of the law by users.",http://rightsstatements.org/vocab/InC-NC/1.0/,,ak_tws_2012_newsletter_feb,/objects/ak_tws_2012_newsletter_feb.pdf,/objects/small/ak_tws_2012_newsletter_feb_sm.jpg,/objects/thumbs/ak_tws_2012_newsletter_feb_th.jpg,newsletter first page,
aktws0202,"The Alaskan Wildlifer, May 2012",AKTWS,2012-05-01,"Newsletter of the Alaska Chapter of The Wildlife Society. Jerry Hupp's first message as president, introducing the new Executive Board and thanking outgoing officers.",newsletters,,,,Alaska Chapter of the Wildlife Society Collection,Text,application/pdf,eng,"In copyright, educational use permitted. Educational use includes non-commercial reproduction of text and images in materials for teaching and research purposes. For other contexts beyond fair use, including digital reproduction, please contact the Alaska Chapter of The Wildlife Society at twsalaska@gmail.com. The Alaska Chapter of The Wildlife Society is not liable for any violations of the law by users.",http://rightsstatements.org/vocab/InC-NC/1.0/,,ak_tws_2012_newsletter_may,/objects/ak_tws_2012_newsletter_may.pdf,/objects/small/ak_tws_2012_newsletter_may_sm.jpg,/objects/thumbs/ak_tws_2012_newsletter_may_th.jpg,newsletter first page,
aktws0203,"The Alaskan Wildlifer, Fall 2012",AKTWS,2012-09-01,Newsletter of the Alaska Chapter of The Wildlife Society. President Jerry Hupp explains the role of position statements and how they are created as the Executive Board reviews three under development.,newsletters,,,,Alaska Chapter of the Wildlife Society Collection,Text,application/pdf,eng,"In copyright, educational use permitted. Educational use includes non-commercial reproduction of text and images in materials for teaching and research purposes. For other contexts beyond fair use, including digital reproduction, please contact the Alaska Chapter of The Wildlife Society at twsalaska@gmail.com. The Alaska Chapter of The Wildlife Society is not liable for any violations of the law by users.",http://rightsstatements.org/vocab/InC-NC/1.0/,,ak_tws_2012_newsletter_sep,/objects/ak_tws_2012_newsletter_sep.pdf,/objects/small/ak_tws_2012_newsletter_sep_sm.jpg,/objects/thumbs/ak_tws_2012_newsletter_sep_th.jpg,newsletter first page,
aktws0204,Position Statement: Reducing Disease Risk to Dall's Sheep and Mountain Goats from Domestic Livestock,AKTWS,2013,"The Alaska Chapter position statement on the risk of disease transmission from domestic sheep and goats to wild Dall's sheep and mountain goats, with recommended practices to maintain the health of wild populations.",position statements,,,,Alaska Chapter of the Wildlife Society Collection,Text,application/pdf,eng,"In copyright, educational use permitted. Educational use includes non-commercial reproduction of text and images in materials for teaching and research purposes. For other contexts beyond fair use, including digital reproduction, please contact the Alaska Chapter of The Wildlife Society at twsalaska@gmail.com. The Alaska Chapter of The Wildlife Society is not liable for any violations of the law by users.",http://rightsstatements.org/vocab/InC-NC/1.0/,,ak_tws_2013_disease_risk_sheep_position_statement,/objects/ak_tws_2013_disease_risk_sheep_position_statement.pdf,/objects/small/ak_tws_2013_disease_risk_sheep_position_statement_sm.jpg,/objects/thumbs/ak_tws_2013_disease_risk_sheep_position_statement_th.jpg,position statement document,
aktws0205,"The Alaskan Wildlifer, Winter 2013",AKTWS,2013-01-01,Newsletter of the Alaska Chapter of The Wildlife Society. President Jerry Hupp writes on the wave of retirements among federal and state resource management professionals in Alaska.,newsletters,,,,Alaska Chapter of the Wildlife Society Collection,Text,application/pdf,eng,"In copyright, educational use permitted. Educational use includes non-commercial reproduction of text and images in materials for teaching and research purposes. For other contexts beyond fair use, including digital reproduction, please contact the Alaska Chapter of The Wildlife Society at twsalaska@gmail.com. The Alaska Chapter of The Wildlife Society is not liable for any violations of the law by users.",http://rightsstatements.org/vocab/InC-NC/1.0/,,ak_tws_2013_newsletter_jan,/objects/ak_tws_2013_newsletter_jan.pdf,/objects/small/ak_tws_2013_newsletter_jan_sm.jpg,/objects/thumbs/ak_tws_2013_newsletter_jan_th.jpg,newsletter first page,
aktws0206,"The Alaskan Wildlifer, Spring 2013",AKTWS,2013-03-01,Newsletter of the Alaska Chapter of The Wildlife Society. President Jerry Hupp reviews the history and controversy of predator control and intensive management of Alaska's ungulates.,newsletters,,,,Alaska Chapter of the Wildlife Society Collection,Text,application/pdf,eng,"In copyright, educational use permitted. Educational use includes non-commercial reproduction of text and images in materials for teaching and research purposes. For other contexts beyond fair use, including digital reproduction, please contact the Alaska Chapter of The Wildlife Society at twsalaska@gmail.com. The Alaska Chapter of The Wildlife Society is not liable for any violations of the law by users.",http://rightsstatements.org/vocab/InC-NC/1.0/,,ak_tws_2013_newsletter_mar,/objects/ak_tws_2013_newsletter_mar.pdf,/objects/small/ak_tws_2013_newsletter_mar_sm.jpg,/objects/thumbs/ak_tws_2013_newsletter_mar_th.jpg,newsletter first page,
aktws0207,Program: 2013 Annual Meeting of the Alaska Chapter of The Wildlife Society,AKTWS,2013-04-03,"The program for the April 3-5, 2013 annual meeting of the Alaska Chapter of The Wildlife Society at the Wood Student Center, University of Alaska Fairbanks, including a joint session with the Society of American Foresters on fire, succession, and forest biomass.",meeting programs,"Fairbanks, Alaska",64.8378,-147.7164,Alaska Chapter of the Wildlife Society Collection,Text,application/pdf,eng,"In copyright, educational use permitted. Educational use includes non-commercial reproduction of text and images in materials for teaching and research purposes. For other contexts beyond fair use, including digital reproduction, please contact the Alaska Chapter of The Wildlife Society at twsalaska@gmail.com. The Alaska Chapter of The Wildlife Society is not liable for any violations of the law by users.",http://rightsstatements.org/vocab/InC-NC/1.0/,,ak_chapter_tws_ann_meeting_2013_program_joint_session_saf_fire_succession_forest_biomass,/objects/ak_chapter_tws_ann_meeting_2013_program_joint_session_saf_fire_succession_forest_biomass.pdf,/objects/small/ak_chapter_tws_ann_meeting_2013_program_joint_session_saf_fire_succession_forest_biomass_sm.jpg,/objects/thumbs/ak_chapter_tws_ann_meeting_2013_program_joint_session_saf_fire_succession_forest_biomass_th.jpg,meeting program cover with Alaska wildlife photographs,
aktws0208,Position Statement: Intensive Management of Big Game in Alaska (2013),AKTWS,2013-06-01,"The Alaska Chapter position statement on intensive management of big game, adopted June 2013, reviewing the 1994 intensive management law at Alaska Statute 16.05.255 and the enabling predator control regulations.",position statements,,,,Alaska Chapter of the Wildlife Society Collection,Text,application/pdf,eng,"In copyright, educational use permitted. Educational use includes non-commercial reproduction of text and images in materials for teaching and research purposes. For other contexts beyond fair use, including digital reproduction, please contact the Alaska Chapter of The Wildlife Society at twsalaska@gmail.com. The Alaska Chapter of The Wildlife Society is not liable for any violations of the law by users.",http://rightsstatements.org/vocab/InC-NC/1.0/,,ak_tws_2013_intensive_management_position_statement,/objects/ak_tws_2013_intensive_management_position_statement.pdf,/objects/small/ak_tws_2013_intensive_management_position_statement_sm.jpg,/objects/thumbs/ak_tws_2013_intensive_management_position_statement_th.jpg,position statement document,
aktws0209,"The Alaskan Wildlifer, Summer 2013",AKTWS,2013-08-01,Newsletter of the Alaska Chapter of The Wildlife Society. President Jerry Hupp reflects on field work and on mentoring the next generation of wildlife biologists.,newsletters,,,,Alaska Chapter of the Wildlife Society Collection,Text,application/pdf,eng,"In copyright, educational use permitted. Educational use includes non-commercial reproduction of text and images in materials for teaching and research purposes. For other contexts beyond fair use, including digital reproduction, please contact the Alaska Chapter of The Wildlife Society at twsalaska@gmail.com. The Alaska Chapter of The Wildlife Society is not liable for any violations of the law by users.",http://rightsstatements.org/vocab/InC-NC/1.0/,,ak_tws_2013_newsletter_aug,/objects/ak_tws_2013_newsletter_aug.pdf,/objects/small/ak_tws_2013_newsletter_aug_sm.jpg,/objects/thumbs/ak_tws_2013_newsletter_aug_th.jpg,newsletter first page,
aktws0210,"The Alaskan Wildlifer, Winter 2014",AKTWS,2014-01-01,Newsletter of the Alaska Chapter of The Wildlife Society. President Jerry Hupp reports on Chapter activities following the federal government shutdown and shares the compiled list of member publications.,newsletters,,,,Alaska Chapter of the Wildlife Society Collection,Text,application/pdf,eng,"In copyright, educational use permitted. Educational use includes non-commercial reproduction of text and images in materials for teaching and research purposes. For other contexts beyond fair use, including digital reproduction, please contact the Alaska Chapter of The Wildlife Society at twsalaska@gmail.com. The Alaska Chapter of The Wildlife Society is not liable for any violations of the law by users.",http://rightsstatements.org/vocab/InC-NC/1.0/,,tws_ak_chapter_newsletter_winter_2014,/objects/tws_ak_chapter_newsletter_winter_2014.pdf,/objects/small/tws_ak_chapter_newsletter_winter_2014_sm.jpg,/objects/thumbs/tws_ak_chapter_newsletter_winter_2014_th.jpg,newsletter first page,
aktws0211,"The Alaskan Wildlifer, Winter 2014",AKTWS,2014-03-01,"Newsletter of the Alaska Chapter of The Wildlife Society. Jerry Hupp's final message as president, thanking members who contributed to annual meetings, position statements, and correspondence to policy makers.",newsletters,,,,Alaska Chapter of the Wildlife Society Collection,Text,application/pdf,eng,"In copyright, educational use permitted. Educational use includes non-commercial reproduction of text and images in materials for teaching and research purposes. For other contexts beyond fair use, including digital reproduction, please contact the Alaska Chapter of The Wildlife Society at twsalaska@gmail.com. The Alaska Chapter of The Wildlife Society is not liable for any violations of the law by users.",http://rightsstatements.org/vocab/InC-NC/1.0/,,ak_tws_2014_newsletter_mar,/objects/ak_tws_2014_newsletter_mar.pdf,/objects/small/ak_tws_2014_newsletter_mar_sm.jpg,/objects/thumbs/ak_tws_2014_newsletter_mar_th.jpg,newsletter first page,
aktws0212,"The Alaskan Wildlifer, Fall 2014",AKTWS,2014-09-01,Newsletter of the Alaska Chapter of The Wildlife Society. President Grant Hilderbrand reflects on student participation at the annual meeting and on a summer of field work with a Gates of the Arctic brown bear project.,newsletters,,,,Alaska Chapter of the Wildlife Society Collection,Text,application/pdf,eng,"In copyright, educational use permitted. Educational use includes non-commercial reproduction of text and images in materials for teaching and research purposes. For other contexts beyond fair use, including digital reproduction, please contact the Alaska Chapter of The Wildlife Society at twsalaska@gmail.com. The Alaska Chapter of The Wildlife Society is not liable for any violations of the law by users.",http://rightsstatements.org/vocab/InC-NC/1.0/,,ak_tws_2014_newsletter_sep,/objects/ak_tws_2014_newsletter_sep.pdf,/objects/small/ak_tws_2014_newsletter_sep_sm.jpg,/objects/thumbs/ak_tws_2014_newsletter_sep_th.jpg,newsletter first page,
aktws0213,"The Alaskan Wildlifer, Winter 2015",AKTWS,2015-02-01,Newsletter of the Alaska Chapter of The Wildlife Society. President Grant Hilderbrand reports on the Chapter's letter welcoming the new state administration and on national TWS opposition to old-growth harvest in the Tongass National Forest.,newsletters,,,,Alaska Chapter of the Wildlife Society Collection,Text,application/pdf,eng,"In copyright, educational use permitted. Educational use includes non-commercial reproduction of text and images in materials for teaching and research purposes. For other contexts beyond fair use, including digital reproduction, please contact the Alaska Chapter of The Wildlife Society at twsalaska@gmail.com. The Alaska Chapter of The Wildlife Society is not liable for any violations of the law by users.",http://rightsstatements.org/vocab/InC-NC/1.0/,,ak_tws_2015_newsletter_feb,/objects/ak_tws_2015_newsletter_feb.pdf,/objects/small/ak_tws_2015_newsletter_feb_sm.jpg,/objects/thumbs/ak_tws_2015_newsletter_feb_th.jpg,newsletter first page,
aktws0214,"The Alaskan Wildlifer, Fall 2015",AKTWS,2015-11-01,Newsletter of the Alaska Chapter of The Wildlife Society. President Grant Hilderbrand reflects on a period of transition and turnover among Alaska's wildlife professionals.,newsletters,,,,Alaska Chapter of the Wildlife Society Collection,Text,application/pdf,eng,"In copyright, educational use permitted. Educational use includes non-commercial reproduction of text and images in materials for teaching and research purposes. For other contexts beyond fair use, including digital reproduction, please contact the Alaska Chapter of The Wildlife Society at twsalaska@gmail.com. The Alaska Chapter of The Wildlife Society is not liable for any violations of the law by users.",http://rightsstatements.org/vocab/InC-NC/1.0/,,ak_tws_2015_newsletter_nov,/objects/ak_tws_2015_newsletter_nov.pdf,/objects/small/ak_tws_2015_newsletter_nov_sm.jpg,/objects/thumbs/ak_tws_2015_newsletter_nov_th.jpg,newsletter first page,
aktws0215,"The Alaskan Wildlifer, Spring 2016",AKTWS,2016-05-01,Newsletter of the Alaska Chapter of The Wildlife Society. President Scott Brainerd describes how the state travel ban during the fiscal crisis nearly prevented the Anchorage annual meeting from taking place.,newsletters,,,,Alaska Chapter of the Wildlife Society Collection,Text,application/pdf,eng,"In copyright, educational use permitted. Educational use includes non-commercial reproduction of text and images in materials for teaching and research purposes. For other contexts beyond fair use, including digital reproduction, please contact the Alaska Chapter of The Wildlife Society at twsalaska@gmail.com. The Alaska Chapter of The Wildlife Society is not liable for any violations of the law by users.",http://rightsstatements.org/vocab/InC-NC/1.0/,,ak_tws_2016_newsletter_may,/objects/ak_tws_2016_newsletter_may.pdf,/objects/small/ak_tws_2016_newsletter_may_sm.jpg,/objects/thumbs/ak_tws_2016_newsletter_may_th.jpg,newsletter first page,
aktws0216,"The Alaskan Wildlifer, Fall 2016",AKTWS,2016-09-01,Newsletter of the Alaska Chapter of The Wildlife Society. President Scott Brainerd credits students with rescuing the annual meeting and compares the modern UAF Student Chapter with his own membership in the late 1970s.,newsletters,,,,Alaska Chapter of the Wildlife Society Collection,Text,application/pdf,eng,"In copyright, educational use permitted. Educational use includes non-commercial reproduction of text and images in materials for teaching and research purposes. For other contexts beyond fair use, including digital reproduction, please contact the Alaska Chapter of The Wildlife Society at twsalaska@gmail.com. The Alaska Chapter of The Wildlife Society is not liable for any violations of the law by users.",http://rightsstatements.org/vocab/InC-NC/1.0/,,ak_tws_2016_newsletter_sep,/objects/ak_tws_2016_newsletter_sep.pdf,/objects/small/ak_tws_2016_newsletter_sep_sm.jpg,/objects/thumbs/ak_tws_2016_newsletter_sep_th.jpg,newsletter first page,
aktws0217,"The Alaskan Wildlifer, Winter 2016",AKTWS,2016-12-01,Newsletter of the Alaska Chapter of The Wildlife Society. President Scott Brainerd urges members to stand up for science amid the politicization of wildlife management and anticipated federal policy changes.,newsletters,,,,Alaska Chapter of the Wildlife Society Collection,Text,application/pdf,eng,"In copyright, educational use permitted. Educational use includes non-commercial reproduction of text and images in materials for teaching and research purposes. For other contexts beyond fair use, including digital reproduction, please contact the Alaska Chapter of The Wildlife Society at twsalaska@gmail.com. The Alaska Chapter of The Wildlife Society is not liable for any violations of the law by users.",http://rightsstatements.org/vocab/InC-NC/1.0/,,ak_tws_2016_newsletter_dec,/objects/ak_tws_2016_newsletter_dec.pdf,/objects/small/ak_tws_2016_newsletter_dec_sm.jpg,/objects/thumbs/ak_tws_2016_newsletter_dec_th.jpg,newsletter first page,
aktws0218,Index of Chapter Memoriams and Conserving Our Wildlife Conservation Heritage Links,"Paragi, Tom",2017,"A working index of links to Alaska Chapter memoriam PDFs, Conserving Our Wildlife Conservation Heritage (COWCH) video content, and award lists, listing the newsletter issues in which individual memoriams appeared.",reference materials; chapter records,,,,Alaska Chapter of the Wildlife Society Collection,Text,application/vnd.openxmlformats-officedocument.wordprocessingml.document,eng,"In copyright, educational use permitted. Educational use includes non-commercial reproduction of text and images in materials for teaching and research purposes. For other contexts beyond fair use, including digital reproduction, please contact the Alaska Chapter of The Wildlife Society at twsalaska@gmail.com. The Alaska Chapter of The Wildlife Society is not liable for any violations of the law by users.",http://rightsstatements.org/vocab/InC-NC/1.0/,,various_locations_cowch_and_memoriams_ak_tws,/objects/various_locations_cowch_and_memoriams_ak_tws.docx,/objects/small/various_locations_cowch_and_memoriams_ak_tws_sm.jpg,/objects/thumbs/various_locations_cowch_and_memoriams_ak_tws_th.jpg,list of web links and newsletter references,
aktws0219,"The Alaskan Wildlifer, Spring 2017",AKTWS,2017-05-01,Newsletter of the Alaska Chapter of The Wildlife Society. President Scott Brainerd discusses the logistics and value of the annual meeting under stricter agency travel policies.,newsletters,,,,Alaska Chapter of the Wildlife Society Collection,Text,application/pdf,eng,"In copyright, educational use permitted. Educational use includes non-commercial reproduction of text and images in materials for teaching and research purposes. For other contexts beyond fair use, including digital reproduction, please contact the Alaska Chapter of The Wildlife Society at twsalaska@gmail.com. The Alaska Chapter of The Wildlife Society is not liable for any violations of the law by users.",http://rightsstatements.org/vocab/InC-NC/1.0/,,ak_tws_2017_newsletter_may,/objects/ak_tws_2017_newsletter_may.pdf,/objects/small/ak_tws_2017_newsletter_may_sm.jpg,/objects/thumbs/ak_tws_2017_newsletter_may_th.jpg,newsletter first page,
aktws0220,"Ad Hoc Committee Notes on Membership and Fundraising, 2017","Paragi, Tom",2017-05-12,"Notes from the May 12, 2017 phone meeting of the Alaska Chapter ad hoc committee on membership and fundraising issues raised at the 2017 annual meeting, with Kim Jochum, Tom Paragi (chair), Elise Stacy, and John Trent.",chapter records,,,,Alaska Chapter of the Wildlife Society Collection,Text,application/vnd.openxmlformats-officedocument.wordprocessingml.document,eng,"In copyright, educational use permitted. Educational use includes non-commercial reproduction of text and images in materials for teaching and research purposes. For other contexts beyond fair use, including digital reproduction, please contact the Alaska Chapter of The Wildlife Society at twsalaska@gmail.com. The Alaska Chapter of The Wildlife Society is not liable for any violations of the law by users.",http://rightsstatements.org/vocab/InC-NC/1.0/,,ad_hoc_committee_ak_tws_2017_membership_and_fundraising,/objects/ad_hoc_committee_ak_tws_2017_membership_and_fundraising.docx,/objects/small/ad_hoc_committee_ak_tws_2017_membership_and_fundraising_sm.jpg,/objects/thumbs/ad_hoc_committee_ak_tws_2017_membership_and_fundraising_th.jpg,committee meeting notes,
aktws0221,"The Alaskan Wildlifer, Fall 2017",AKTWS,2017-09-01,"Newsletter of the Alaska Chapter of The Wildlife Society. President Scott Brainerd reviews the Chapter strategic plan and sets priorities for student activities, recruitment, diversity, and conservation engagement.",newsletters,,,,Alaska Chapter of the Wildlife Society Collection,Text,application/pdf,eng,"In copyright, educational use permitted. Educational use includes non-commercial reproduction of text and images in materials for teaching and research purposes. For other contexts beyond fair use, including digital reproduction, please contact the Alaska Chapter of The Wildlife Society at twsalaska@gmail.com. The Alaska Chapter of The Wildlife Society is not liable for any violations of the law by users.",http://rightsstatements.org/vocab/InC-NC/1.0/,,ak_tws_2017_newsletter_sep,/objects/ak_tws_2017_newsletter_sep.pdf,/objects/small/ak_tws_2017_newsletter_sep_sm.jpg,/objects/thumbs/ak_tws_2017_newsletter_sep_th.jpg,newsletter first page,
aktws0222,Dedication to Dr. Jack Ward Thomas in a 2018 Wildlife Law and Policy Text,"Moynahan, Brendan J.",2018,"A Boone and Crockett Club volume dedication by Brendan J. Moynahan honoring Dr. Jack Ward Thomas, wildlife biologist and former chief of the U.S. Forest Service, together with the volume contents and a chapter by Perry Barboza.",reference materials; publications,,,,Alaska Chapter of the Wildlife Society Collection,Text,application/pdf,eng,"In copyright, educational use permitted. Educational use includes non-commercial reproduction of text and images in materials for teaching and research purposes. For other contexts beyond fair use, including digital reproduction, please contact the Alaska Chapter of The Wildlife Society at twsalaska@gmail.com. The Alaska Chapter of The Wildlife Society is not liable for any violations of the law by users.",http://rightsstatements.org/vocab/InC-NC/1.0/,,2018_wildlife_law_and_policy_text_dedication_jack_ward_thomas_contents_barboza_chapter,/objects/2018_wildlife_law_and_policy_text_dedication_jack_ward_thomas_contents_barboza_chapter.pdf,/objects/small/2018_wildlife_law_and_policy_text_dedication_jack_ward_thomas_contents_barboza_chapter_sm.jpg,/objects/thumbs/2018_wildlife_law_and_policy_text_dedication_jack_ward_thomas_contents_barboza_chapter_th.jpg,scanned book dedication page,
aktws0223,"The Alaskan Wildlifer, Winter 2018",AKTWS,2018-02-01,"Newsletter of the Alaska Chapter of The Wildlife Society. President Scott Brainerd previews the spring elections and the annual meeting held jointly with the Northwest Section, and explains the Chapter's elected offices and terms.",newsletters,,,,Alaska Chapter of the Wildlife Society Collection,Text,application/pdf,eng,"In copyright, educational use permitted. Educational use includes non-commercial reproduction of text and images in materials for teaching and research purposes. For other contexts beyond fair use, including digital reproduction, please contact the Alaska Chapter of The Wildlife Society at twsalaska@gmail.com. The Alaska Chapter of The Wildlife Society is not liable for any violations of the law by users.",http://rightsstatements.org/vocab/InC-NC/1.0/,,ak_tws_2018_newsletter_dec,/objects/ak_tws_2018_newsletter_dec.pdf,/objects/small/ak_tws_2018_newsletter_dec_sm.jpg,/objects/thumbs/ak_tws_2018_newsletter_dec_th.jpg,newsletter first page,
aktws0224,Letter to Senator Dan Sullivan on FY19 Funding for Wildlife Science,AKTWS,2018-05-21,A letter from the Alaska Chapter to Senator Dan Sullivan expressing concern over the de-prioritization of science and scientifically sound wildlife conservation in federal funding decisions.,correspondence; U.S. Congress,"Anchorage, Alaska",61.2181,-149.9003,Alaska Chapter of the Wildlife Society Collection,Text,application/pdf,eng,"In copyright, educational use permitted. Educational use includes non-commercial reproduction of text and images in materials for teaching and research purposes. For other contexts beyond fair use, including digital reproduction, please contact the Alaska Chapter of The Wildlife Society at twsalaska@gmail.com. The Alaska Chapter of The Wildlife Society is not liable for any violations of the law by users.",http://rightsstatements.org/vocab/InC-NC/1.0/,,ak_tws_2018_congress_fy19_funding_letter,/objects/ak_tws_2018_congress_fy19_funding_letter.pdf,/objects/small/ak_tws_2018_congress_fy19_funding_letter_sm.jpg,/objects/thumbs/ak_tws_2018_congress_fy19_funding_letter_th.jpg,letter to a member of Congress,
aktws0225,"The Alaskan Wildlifer, Fall 2018",AKTWS,2018-09-01,Newsletter of the Alaska Chapter of The Wildlife Society. Nate Svoboda's message as president reflecting on the wildlife profession and on the colleagues he has worked with since arriving in Alaska.,newsletters,,,,Alaska Chapter of the Wildlife Society Collection,Text,application/pdf,eng,"In copyright, educational use permitted. Educational use includes non-commercial reproduction of text and images in materials for teaching and research purposes. For other contexts beyond fair use, including digital reproduction, please contact the Alaska Chapter of The Wildlife Society at twsalaska@gmail.com. The Alaska Chapter of The Wildlife Society is not liable for any violations of the law by users.",http://rightsstatements.org/vocab/InC-NC/1.0/,,ak_tws_2018_newsletter_sep,/objects/ak_tws_2018_newsletter_sep.pdf,/objects/small/ak_tws_2018_newsletter_sep_sm.jpg,/objects/thumbs/ak_tws_2018_newsletter_sep_th.jpg,newsletter first page,
aktws0226,Letter to Representative Don Young Supporting the Recovering America's Wildlife Act,AKTWS,2018-12-24,A letter from the Alaska Chapter requesting Representative Don Young's support for the Recovering America's Wildlife Act (H.R. 4647).,correspondence; U.S. Congress,"Washington, D.C.",38.9072,-77.0369,Alaska Chapter of the Wildlife Society Collection,Text,application/pdf,eng,"In copyright, educational use permitted. Educational use includes non-commercial reproduction of text and images in materials for teaching and research purposes. For other contexts beyond fair use, including digital reproduction, please contact the Alaska Chapter of The Wildlife Society at twsalaska@gmail.com. The Alaska Chapter of The Wildlife Society is not liable for any violations of the law by users.",http://rightsstatements.org/vocab/InC-NC/1.0/,,ak_tws_2018_congress_rawa_letter,/objects/ak_tws_2018_congress_rawa_letter.pdf,/objects/small/ak_tws_2018_congress_rawa_letter_sm.jpg,/objects/thumbs/ak_tws_2018_congress_rawa_letter_th.jpg,letter to a member of Congress,
aktws0227,Comments on the Ambler Road Draft Environmental Impact Statement,AKTWS,2019-10-24,"A letter from the Alaska Chapter to Tina McMaster-Goering, Ambler Road Project Manager at the Bureau of Land Management, identifying serious flaws in the assumptions and analyses of the Draft Environmental Impact Statement for the Ambler Road Project. Twenty pages; the PDF is a scan with no searchable text layer.",position statements; Bureau of Land Management,"Anchorage, Alaska",61.2181,-149.9003,Alaska Chapter of the Wildlife Society Collection,Text,application/pdf,eng,"In copyright, educational use permitted. Educational use includes non-commercial reproduction of text and images in materials for teaching and research purposes. For other contexts beyond fair use, including digital reproduction, please contact the Alaska Chapter of The Wildlife Society at twsalaska@gmail.com. The Alaska Chapter of The Wildlife Society is not liable for any violations of the law by users.",http://rightsstatements.org/vocab/InC-NC/1.0/,,ak_tws_2019_ambler_road_deis_comments,/objects/ak_tws_2019_ambler_road_deis_comments.pdf,/objects/small/ak_tws_2019_ambler_road_deis_comments_sm.jpg,/objects/thumbs/ak_tws_2019_ambler_road_deis_comments_th.jpg,scanned comment letter,
aktws0228,Comments on the Arctic National Wildlife Refuge Coastal Plain Oil and Gas Leasing Draft Environmental Impact Statement,AKTWS,2019-03-12,A letter from the Alaska Chapter to Acting Secretary of the Interior David Bernhardt providing public comments on the Draft Environmental Impact Statement for the Arctic National Wildlife Refuge Coastal Plain Oil and Gas Leasing Program. Six pages; the PDF is a scan with no searchable text layer.,position statements; Bureau of Land Management,"Anchorage, Alaska",61.2181,-149.9003,Alaska Chapter of the Wildlife Society Collection,Text,application/pdf,eng,"In copyright, educational use permitted. Educational use includes non-commercial reproduction of text and images in materials for teaching and research purposes. For other contexts beyond fair use, including digital reproduction, please contact the Alaska Chapter of The Wildlife Society at twsalaska@gmail.com. The Alaska Chapter of The Wildlife Society is not liable for any violations of the law by users.",http://rightsstatements.org/vocab/InC-NC/1.0/,,ak_tws_2019_anwr_deis_comments,/objects/ak_tws_2019_anwr_deis_comments.pdf,/objects/small/ak_tws_2019_anwr_deis_comments_sm.jpg,/objects/thumbs/ak_tws_2019_anwr_deis_comments_th.jpg,scanned comment letter,
aktws0229,Comments on the Draft Environmental Impact Statement for a Proposed Alaska Roadless Rule,AKTWS,2019-12-10,"A letter from the Alaska Chapter to Secretary of Agriculture Sonny Perdue commenting on the Draft Environmental Impact Statement for alternatives to a proposed Alaska Roadless Rule, focusing on the preferred alternative, flaws in the scientific analysis, and the ecological values of roadless areas and old-growth forest. Twelve pages; the PDF is a scan with no searchable text layer.",position statements; USDA Forest Service,"Juneau, Alaska",58.3019,-134.4197,Alaska Chapter of the Wildlife Society Collection,Text,application/pdf,eng,"In copyright, educational use permitted. Educational use includes non-commercial reproduction of text and images in materials for teaching and research purposes. For other contexts beyond fair use, including digital reproduction, please contact the Alaska Chapter of The Wildlife Society at twsalaska@gmail.com. The Alaska Chapter of The Wildlife Society is not liable for any violations of the law by users.",http://rightsstatements.org/vocab/InC-NC/1.0/,,ak_tws_2019_tongass_roadless_rule_comments,/objects/ak_tws_2019_tongass_roadless_rule_comments.pdf,/objects/small/ak_tws_2019_tongass_roadless_rule_comments_sm.jpg,/objects/thumbs/ak_tws_2019_tongass_roadless_rule_comments_th.jpg,scanned comment letter,
aktws0230,Comments on the Willow Master Development Plan Draft Environmental Impact Statement,AKTWS,2019-10-24,"A letter from the Alaska Chapter to Secretary of the Interior David Bernhardt commenting on the Draft Environmental Impact Statement for the Willow Master Development Plan, focusing on the analysis of caribou and on subsistence requirements under ANILCA section 810 for Nuiqsut and Utqiagvik. Eight pages; the PDF is a scan with no searchable text layer.",position statements; Bureau of Land Management,"Anchorage, Alaska",61.2181,-149.9003,Alaska Chapter of the Wildlife Society Collection,Text,application/pdf,eng,"In copyright, educational use permitted. Educational use includes non-commercial reproduction of text and images in materials for teaching and research purposes. For other contexts beyond fair use, including digital reproduction, please contact the Alaska Chapter of The Wildlife Society at twsalaska@gmail.com. The Alaska Chapter of The Wildlife Society is not liable for any violations of the law by users.",http://rightsstatements.org/vocab/InC-NC/1.0/,,ak_tws_2019_willow_deis_comments,/objects/ak_tws_2019_willow_deis_comments.pdf,/objects/small/ak_tws_2019_willow_deis_comments_sm.jpg,/objects/thumbs/ak_tws_2019_willow_deis_comments_th.jpg,scanned comment letter,
aktws0231,"The Alaskan Wildlifer, Spring 2019",AKTWS,2019-04-01,Newsletter of the Alaska Chapter of The Wildlife Society. President Nate Svoboda thanks members for their commitment to Alaska's wildlife and habitats ahead of the field season.,newsletters,,,,Alaska Chapter of the Wildlife Society Collection,Text,application/pdf,eng,"In copyright, educational use permitted. Educational use includes non-commercial reproduction of text and images in materials for teaching and research purposes. For other contexts beyond fair use, including digital reproduction, please contact the Alaska Chapter of The Wildlife Society at twsalaska@gmail.com. The Alaska Chapter of The Wildlife Society is not liable for any violations of the law by users.",http://rightsstatements.org/vocab/InC-NC/1.0/,,ak_tws_2019_newsletter_apr,/objects/ak_tws_2019_newsletter_apr.pdf,/objects/small/ak_tws_2019_newsletter_apr_sm.jpg,/objects/thumbs/ak_tws_2019_newsletter_apr_th.jpg,newsletter first page,
aktws0232,"The Alaskan Wildlifer, Fall 2019",AKTWS,2019-10-01,Newsletter of the Alaska Chapter of The Wildlife Society. Past-President Scott Brainerd's farewell message as he retires from the ADF&G Division of Wildlife Conservation and moves to Norway.,newsletters,,,,Alaska Chapter of the Wildlife Society Collection,Text,application/pdf,eng,"In copyright, educational use permitted. Educational use includes non-commercial reproduction of text and images in materials for teaching and research purposes. For other contexts beyond fair use, including digital reproduction, please contact the Alaska Chapter of The Wildlife Society at twsalaska@gmail.com. The Alaska Chapter of The Wildlife Society is not liable for any violations of the law by users.",http://rightsstatements.org/vocab/InC-NC/1.0/,,ak_tws_2019_newsletter_oct,/objects/ak_tws_2019_newsletter_oct.pdf,/objects/small/ak_tws_2019_newsletter_oct_sm.jpg,/objects/thumbs/ak_tws_2019_newsletter_oct_th.jpg,newsletter first page,
aktws0233,Comments on the Draft Environmental Impact Statement for the New National Petroleum Reserve-Alaska Integrated Activity Plan,AKTWS,2020-01-17,"A letter from the Alaska Chapter to Secretary of the Interior David Bernhardt, care of the BLM Alaska State Office, commenting on the Draft Environmental Impact Statement for the new Integrated Activity Plan for the National Petroleum Reserve in Alaska, focusing on impacts to geese (especially brant), caribou, and shorebirds. Nine pages; the PDF is a scan with no searchable text layer.",position statements; Bureau of Land Management,"Anchorage, Alaska",61.2181,-149.9003,Alaska Chapter of the Wildlife Society Collection,Text,application/pdf,eng,"In copyright, educational use permitted. Educational use includes non-commercial reproduction of text and images in materials for teaching and research purposes. For other contexts beyond fair use, including digital reproduction, please contact the Alaska Chapter of The Wildlife Society at twsalaska@gmail.com. The Alaska Chapter of The Wildlife Society is not liable for any violations of the law by users.",http://rightsstatements.org/vocab/InC-NC/1.0/,,ak_tws_2020_npra_deis_comments,/objects/ak_tws_2020_npra_deis_comments.pdf,/objects/small/ak_tws_2020_npra_deis_comments_sm.jpg,/objects/thumbs/ak_tws_2020_npra_deis_comments_th.jpg,scanned comment letter,
aktws0234,"The Alaskan Wildlifer, Spring 2020",AKTWS,2020-05-01,Newsletter of the Alaska Chapter of The Wildlife Society. President Kim Jochum writes on supporting members through the challenges of the COVID-19 pandemic and introduces the newly elected Executive Board.,newsletters,,,,Alaska Chapter of the Wildlife Society Collection,Text,application/pdf,eng,"In copyright, educational use permitted. Educational use includes non-commercial reproduction of text and images in materials for teaching and research purposes. For other contexts beyond fair use, including digital reproduction, please contact the Alaska Chapter of The Wildlife Society at twsalaska@gmail.com. The Alaska Chapter of The Wildlife Society is not liable for any violations of the law by users.",http://rightsstatements.org/vocab/InC-NC/1.0/,,ak_tws_2020_newsletter_may,/objects/ak_tws_2020_newsletter_may.pdf,/objects/small/ak_tws_2020_newsletter_may_sm.jpg,/objects/thumbs/ak_tws_2020_newsletter_may_th.jpg,newsletter first page,
aktws0235,"Comments on Proposed Revisions to Animal Importation, Testing, and Disease Reporting Regulations",AKTWS,2020-10-29,"Comments from the Alaska Chapter on the State of Alaska notice of proposed revisions to animal importation, animal testing, and disease reporting regulations at 18 AAC 36, addressing disease risk to wild sheep and goats.",position statements; State of Alaska,,,,Alaska Chapter of the Wildlife Society Collection,Text,application/pdf,eng,"In copyright, educational use permitted. Educational use includes non-commercial reproduction of text and images in materials for teaching and research purposes. For other contexts beyond fair use, including digital reproduction, please contact the Alaska Chapter of The Wildlife Society at twsalaska@gmail.com. The Alaska Chapter of The Wildlife Society is not liable for any violations of the law by users.",http://rightsstatements.org/vocab/InC-NC/1.0/,,ak_tws_2020_movi_disease_comments,/objects/ak_tws_2020_movi_disease_comments.pdf,/objects/small/ak_tws_2020_movi_disease_comments_sm.jpg,/objects/thumbs/ak_tws_2020_movi_disease_comments_th.jpg,comment letter,
aktws0236,"The Alaskan Wildlifer, Fall/Winter 2020",AKTWS,2020-12-01,Newsletter of the Alaska Chapter of The Wildlife Society. President Kim Jochum reflects on a draining year of pandemic challenges for members and for the Chapter.,newsletters,,,,Alaska Chapter of the Wildlife Society Collection,Text,application/pdf,eng,"In copyright, educational use permitted. Educational use includes non-commercial reproduction of text and images in materials for teaching and research purposes. For other contexts beyond fair use, including digital reproduction, please contact the Alaska Chapter of The Wildlife Society at twsalaska@gmail.com. The Alaska Chapter of The Wildlife Society is not liable for any violations of the law by users.",http://rightsstatements.org/vocab/InC-NC/1.0/,,tws_ak_chapter_newsletter_fall_winter_2020_final,/objects/tws_ak_chapter_newsletter_fall_winter_2020_final.pdf,/objects/small/tws_ak_chapter_newsletter_fall_winter_2020_final_sm.jpg,/objects/thumbs/tws_ak_chapter_newsletter_fall_winter_2020_final_th.jpg,newsletter first page,
aktws0237,Comments on the Proposed Incidental Harassment Authorization for Polar Bears in the Arctic Refuge,AKTWS,2021-01-06,A letter from the Alaska Chapter to Charles Hamilton of the U.S. Fish and Wildlife Service Marine Mammal Management office commenting on the proposed incidental harassment authorization for polar bears in the Arctic National Wildlife Refuge.,position statements; U.S. Fish and Wildlife Service,"Anchorage, Alaska",61.2181,-149.9003,Alaska Chapter of the Wildlife Society Collection,Text,application/pdf,eng,"In copyright, educational use permitted. Educational use includes non-commercial reproduction of text and images in materials for teaching and research purposes. For other contexts beyond fair use, including digital reproduction, please contact the Alaska Chapter of The Wildlife Society at twsalaska@gmail.com. The Alaska Chapter of The Wildlife Society is not liable for any violations of the law by users.",http://rightsstatements.org/vocab/InC-NC/1.0/,,ak_tws_2021_arctic_refuge_polar_bear_comments,/objects/ak_tws_2021_arctic_refuge_polar_bear_comments.pdf,/objects/small/ak_tws_2021_arctic_refuge_polar_bear_comments_sm.jpg,/objects/thumbs/ak_tws_2021_arctic_refuge_polar_bear_comments_th.jpg,comment letter,
aktws0238,Comments on the BLM Central Yukon Resource Management Plan Addendum,AKTWS,2021-06-09,"A letter from the Alaska Chapter to Chel Ethun, Project Manager of the BLM Central Yukon Field Office in Fairbanks, commenting on the Central Yukon Resource Management Plan addendum.",position statements; Bureau of Land Management,"Fairbanks, Alaska",64.8378,-147.7164,Alaska Chapter of the Wildlife Society Collection,Text,application/pdf,eng,"In copyright, educational use permitted. Educational use includes non-commercial reproduction of text and images in materials for teaching and research purposes. For other contexts beyond fair use, including digital reproduction, please contact the Alaska Chapter of The Wildlife Society at twsalaska@gmail.com. The Alaska Chapter of The Wildlife Society is not liable for any violations of the law by users.",http://rightsstatements.org/vocab/InC-NC/1.0/,,ak_tws_2021_blm_central_yukon_rmp_addendum,/objects/ak_tws_2021_blm_central_yukon_rmp_addendum.pdf,/objects/small/ak_tws_2021_blm_central_yukon_rmp_addendum_sm.jpg,/objects/thumbs/ak_tws_2021_blm_central_yukon_rmp_addendum_th.jpg,comment letter,
aktws0239,"The Alaskan Wildlifer, Summer 2021",AKTWS,2021-07-01,Newsletter of the Alaska Chapter of The Wildlife Society. President Kim Jochum encourages members adjusting to a new normal after fifteen months of pandemic disruption and reaffirms Executive Board support.,newsletters,,,,Alaska Chapter of the Wildlife Society Collection,Text,application/pdf,eng,"In copyright, educational use permitted. Educational use includes non-commercial reproduction of text and images in materials for teaching and research purposes. For other contexts beyond fair use, including digital reproduction, please contact the Alaska Chapter of The Wildlife Society at twsalaska@gmail.com. The Alaska Chapter of The Wildlife Society is not liable for any violations of the law by users.",http://rightsstatements.org/vocab/InC-NC/1.0/,,tws_ak_chapter_newsletter_summer_2021_1,/objects/tws_ak_chapter_newsletter_summer_2021_1.pdf,/objects/small/tws_ak_chapter_newsletter_summer_2021_1_sm.jpg,/objects/thumbs/tws_ak_chapter_newsletter_summer_2021_1_th.jpg,newsletter first page,
aktws0240,"The Alaskan Wildlifer, Spring 2022",AKTWS,2022-03-01,Newsletter of the Alaska Chapter of The Wildlife Society. President Kim Jochum announces a second virtual annual meeting in April and reflects on two years without an in-person gathering.,newsletters,,,,Alaska Chapter of the Wildlife Society Collection,Text,application/pdf,eng,"In copyright, educational use permitted. Educational use includes non-commercial reproduction of text and images in materials for teaching and research purposes. For other contexts beyond fair use, including digital reproduction, please contact the Alaska Chapter of The Wildlife Society at twsalaska@gmail.com. The Alaska Chapter of The Wildlife Society is not liable for any violations of the law by users.",http://rightsstatements.org/vocab/InC-NC/1.0/,,tws_ak_chapter_newsletter_spring_2022,/objects/tws_ak_chapter_newsletter_spring_2022.pdf,/objects/small/tws_ak_chapter_newsletter_spring_2022_sm.jpg,/objects/thumbs/tws_ak_chapter_newsletter_spring_2022_th.jpg,newsletter first page,
aktws0241,"The Alaskan Wildlifer, Winter 2023",AKTWS,2023-01-01,"Newsletter of the Alaska Chapter of The Wildlife Society. Cyndi Wardlow's first message as Chapter President, introducing new Executive Board members and reporting on the TWS national meeting in Spokane.",newsletters,,,,Alaska Chapter of the Wildlife Society Collection,Text,application/pdf,eng,"In copyright, educational use permitted. Educational use includes non-commercial reproduction of text and images in materials for teaching and research purposes. For other contexts beyond fair use, including digital reproduction, please contact the Alaska Chapter of The Wildlife Society at twsalaska@gmail.com. The Alaska Chapter of The Wildlife Society is not liable for any violations of the law by users.",http://rightsstatements.org/vocab/InC-NC/1.0/,,tws_ak_chapter_newsletter_january_2023,/objects/tws_ak_chapter_newsletter_january_2023.pdf,/objects/small/tws_ak_chapter_newsletter_january_2023_sm.jpg,/objects/thumbs/tws_ak_chapter_newsletter_january_2023_th.jpg,newsletter first page,
aktws0242,"Guidelines for Deer Habitat Conservation in Managed Forests of Southeast Alaska, 2023",AKTWS,2023-02-14,"A letter from the Alaska Chapter to State Forester Helge Eng transmitting guidelines for deer habitat conservation in managed forests of Southeast Alaska, compiled by Chapter members with expertise in deer ecology and habitat requirements.",correspondence; State of Alaska,"Anchorage, Alaska",61.2181,-149.9003,Alaska Chapter of the Wildlife Society Collection,Text,application/pdf,eng,"In copyright, educational use permitted. Educational use includes non-commercial reproduction of text and images in materials for teaching and research purposes. For other contexts beyond fair use, including digital reproduction, please contact the Alaska Chapter of The Wildlife Society at twsalaska@gmail.com. The Alaska Chapter of The Wildlife Society is not liable for any violations of the law by users.",http://rightsstatements.org/vocab/InC-NC/1.0/,,aktws_deer_habitat_eng_02_14_2023,/objects/aktws_deer_habitat_eng_02_14_2023.pdf,/objects/small/aktws_deer_habitat_eng_02_14_2023_sm.jpg,/objects/thumbs/aktws_deer_habitat_eng_02_14_2023_th.jpg,letter on chapter letterhead,
aktws0243,Comments on the Arctic Refuge Coastal Plain Oil and Gas Leasing Program Draft Supplemental Environmental Impact Statement,AKTWS,2023-11-01,Comments from the Alaska Chapter to BLM and U.S. Fish and Wildlife Service staff on the draft supplemental environmental impact statement for the Coastal Plain Oil and Gas Leasing Program in the Arctic National Wildlife Refuge.,position statements; Bureau of Land Management,"Anchorage, Alaska",61.2181,-149.9003,Alaska Chapter of the Wildlife Society Collection,Text,application/vnd.openxmlformats-officedocument.wordprocessingml.document,eng,"In copyright, educational use permitted. Educational use includes non-commercial reproduction of text and images in materials for teaching and research purposes. For other contexts beyond fair use, including digital reproduction, please contact the Alaska Chapter of The Wildlife Society at twsalaska@gmail.com. The Alaska Chapter of The Wildlife Society is not liable for any violations of the law by users.",http://rightsstatements.org/vocab/InC-NC/1.0/,,ak_tws_2023_arcticrefuge_dseis_comments,/objects/ak_tws_2023_arcticrefuge_dseis_comments.docx,/objects/small/ak_tws_2023_arcticrefuge_dseis_comments_sm.jpg,/objects/thumbs/ak_tws_2023_arcticrefuge_dseis_comments_th.jpg,comment letter,
aktws0244,Comments on the Ambler Road Draft Supplemental Environmental Impact Statement (2023),AKTWS,2023-12-21,"A letter from the Alaska Chapter to Stacie McIntosh, Ambler Road SEIS Project Manager at the BLM Fairbanks District Office, providing public comments on the draft supplemental environmental impact statement for the Ambler Road Project.",position statements; Bureau of Land Management,"Fairbanks, Alaska",64.8378,-147.7164,Alaska Chapter of the Wildlife Society Collection,Text,application/pdf,eng,"In copyright, educational use permitted. Educational use includes non-commercial reproduction of text and images in materials for teaching and research purposes. For other contexts beyond fair use, including digital reproduction, please contact the Alaska Chapter of The Wildlife Society at twsalaska@gmail.com. The Alaska Chapter of The Wildlife Society is not liable for any violations of the law by users.",http://rightsstatements.org/vocab/InC-NC/1.0/,,2023_ak_tws_ambler_comments,/objects/2023_ak_tws_ambler_comments.pdf,/objects/small/2023_ak_tws_ambler_comments_sm.jpg,/objects/thumbs/2023_ak_tws_ambler_comments_th.jpg,comment letter,
aktws0245,"Comments on the Ambler Road Draft Supplemental Environmental Impact Statement (2023), Word version",AKTWS,2023-12-21,The Word source document of the Alaska Chapter's public comments to the Bureau of Land Management on the draft supplemental environmental impact statement for the Ambler Road Project.,position statements; Bureau of Land Management,"Fairbanks, Alaska",64.8378,-147.7164,Alaska Chapter of the Wildlife Society Collection,Text,application/vnd.openxmlformats-officedocument.wordprocessingml.document,eng,"In copyright, educational use permitted. Educational use includes non-commercial reproduction of text and images in materials for teaching and research purposes. For other contexts beyond fair use, including digital reproduction, please contact the Alaska Chapter of The Wildlife Society at twsalaska@gmail.com. The Alaska Chapter of The Wildlife Society is not liable for any violations of the law by users.",http://rightsstatements.org/vocab/InC-NC/1.0/,,2023_12_22_tws_ambler_comments,/objects/2023_12_22_tws_ambler_comments.docx,/objects/small/2023_12_22_tws_ambler_comments_sm.jpg,/objects/thumbs/2023_12_22_tws_ambler_comments_th.jpg,comment letter,
aktws0246,BLM ePlanning Submission Confirmation for the Ambler Road SEIS Comments,AKTWS,2023-12-22,"A confirmation receipt from the BLM National NEPA Register recording submission of the Alaska Chapter's comments on the Ambler Road SEIS, submitted by Cyndi Wardlow on behalf of the Chapter.",chapter records,,,,Alaska Chapter of the Wildlife Society Collection,Text,application/pdf,eng,"In copyright, educational use permitted. Educational use includes non-commercial reproduction of text and images in materials for teaching and research purposes. For other contexts beyond fair use, including digital reproduction, please contact the Alaska Chapter of The Wildlife Society at twsalaska@gmail.com. The Alaska Chapter of The Wildlife Society is not liable for any violations of the law by users.",http://rightsstatements.org/vocab/InC-NC/1.0/,,2023_tws_eplanning_confirmation_ambler,/objects/2023_tws_eplanning_confirmation_ambler.pdf,/objects/small/2023_tws_eplanning_confirmation_ambler_sm.jpg,/objects/thumbs/2023_tws_eplanning_confirmation_ambler_th.jpg,submission confirmation receipt,
aktws0247,Draft Position Statement: Mulchatna Caribou Herd Predator Control Program (2024),AKTWS,2024,"A working draft of the Alaska Chapter position statement on the Mulchatna Caribou Herd predator control program, including planning notes on the intended audience and the Chapter's request of the Board of Game.",position statements,,,,Alaska Chapter of the Wildlife Society Collection,Text,application/vnd.openxmlformats-officedocument.wordprocessingml.document,eng,"In copyright, educational use permitted. Educational use includes non-commercial reproduction of text and images in materials for teaching and research purposes. For other contexts beyond fair use, including digital reproduction, please contact the Alaska Chapter of The Wildlife Society at twsalaska@gmail.com. The Alaska Chapter of The Wildlife Society is not liable for any violations of the law by users.",http://rightsstatements.org/vocab/InC-NC/1.0/,,ak_tws_2024_mulchatna_predator_control_position_statement,/objects/ak_tws_2024_mulchatna_predator_control_position_statement.docx,/objects/small/ak_tws_2024_mulchatna_predator_control_position_statement_sm.jpg,/objects/thumbs/ak_tws_2024_mulchatna_predator_control_position_statement_th.jpg,draft position statement,
aktws0248,"Comments on Governor Dunleavy's Executive Order 124 on Importation of Exotic Species, 2024",AKTWS,2024-02-08,"A letter from the Alaska Chapter to members of the Alaska Legislature commenting on Executive Order 124 issued by Governor Michael Dunleavy, addressing the importation of exotic species.",correspondence; Alaska Legislature,"Juneau, Alaska",58.3019,-134.4197,Alaska Chapter of the Wildlife Society Collection,Text,application/pdf,eng,"In copyright, educational use permitted. Educational use includes non-commercial reproduction of text and images in materials for teaching and research purposes. For other contexts beyond fair use, including digital reproduction, please contact the Alaska Chapter of The Wildlife Society at twsalaska@gmail.com. The Alaska Chapter of The Wildlife Society is not liable for any violations of the law by users.",http://rightsstatements.org/vocab/InC-NC/1.0/,,2024_ak_tws_letter_eo_124_imporation_exotic_species,/objects/2024_ak_tws_letter_eo_124_imporation_exotic_species.pdf,/objects/small/2024_ak_tws_letter_eo_124_imporation_exotic_species_sm.jpg,/objects/thumbs/2024_ak_tws_letter_eo_124_imporation_exotic_species_th.jpg,letter on chapter letterhead,
aktws0249,BLM ePlanning Submission Confirmation for the D1 Withdrawals DEIS Comments,AKTWS,2024-02-12,A confirmation receipt from the BLM National NEPA Register recording submission of the Alaska Chapter's comments on the ANCSA 17(d)(1) Withdrawals draft environmental impact statement.,chapter records,,,,Alaska Chapter of the Wildlife Society Collection,Text,application/pdf,eng,"In copyright, educational use permitted. Educational use includes non-commercial reproduction of text and images in materials for teaching and research purposes. For other contexts beyond fair use, including digital reproduction, please contact the Alaska Chapter of The Wildlife Society at twsalaska@gmail.com. The Alaska Chapter of The Wildlife Society is not liable for any violations of the law by users.",http://rightsstatements.org/vocab/InC-NC/1.0/,,d1_submission_confirmation,/objects/d1_submission_confirmation.pdf,/objects/small/d1_submission_confirmation_sm.jpg,/objects/thumbs/d1_submission_confirmation_th.jpg,submission confirmation receipt,
aktws0250,Comments on the ANCSA 17(d)(1) Withdrawals Draft Environmental Impact Statement,AKTWS,2024-02-13,A signed letter from the Alaska Chapter to Racheal Jones at the BLM Alaska State Office providing public comments on the draft environmental impact statement for ANCSA 17(d)(1) withdrawn lands.,position statements; Bureau of Land Management,"Anchorage, Alaska",61.2181,-149.9003,Alaska Chapter of the Wildlife Society Collection,Text,application/pdf,eng,"In copyright, educational use permitted. Educational use includes non-commercial reproduction of text and images in materials for teaching and research purposes. For other contexts beyond fair use, including digital reproduction, please contact the Alaska Chapter of The Wildlife Society at twsalaska@gmail.com. The Alaska Chapter of The Wildlife Society is not liable for any violations of the law by users.",http://rightsstatements.org/vocab/InC-NC/1.0/,,ak_tws_blm_d1_deis_comments_2024_02_13_signed,/objects/ak_tws_blm_d1_deis_comments_2024_02_13_signed.pdf,/objects/small/ak_tws_blm_d1_deis_comments_2024_02_13_signed_sm.jpg,/objects/thumbs/ak_tws_blm_d1_deis_comments_2024_02_13_signed_th.jpg,signed comment letter,
aktws0251,"Comments on the ANCSA 17(d)(1) Withdrawals Draft Environmental Impact Statement, Word version",AKTWS,2024-02-13,The Word source document of the Alaska Chapter's public comments to the Bureau of Land Management on the draft environmental impact statement for ANCSA 17(d)(1) withdrawn lands.,position statements; Bureau of Land Management,"Anchorage, Alaska",61.2181,-149.9003,Alaska Chapter of the Wildlife Society Collection,Text,application/vnd.openxmlformats-officedocument.wordprocessingml.document,eng,"In copyright, educational use permitted. Educational use includes non-commercial reproduction of text and images in materials for teaching and research purposes. For other contexts beyond fair use, including digital reproduction, please contact the Alaska Chapter of The Wildlife Society at twsalaska@gmail.com. The Alaska Chapter of The Wildlife Society is not liable for any violations of the law by users.",http://rightsstatements.org/vocab/InC-NC/1.0/,,ak_tws_blm_d1_deis_draft_comments_2024_02_09_002_signed,/objects/ak_tws_blm_d1_deis_draft_comments_2024_02_09_002_signed.docx,/objects/small/ak_tws_blm_d1_deis_draft_comments_2024_02_09_002_signed_sm.jpg,/objects/thumbs/ak_tws_blm_d1_deis_draft_comments_2024_02_09_002_signed_th.jpg,comment letter,
aktws0252,Position Statement: Intensive Management of Big Game in Alaska (2024 reaffirmation),AKTWS,2024-09-01,"The Alaska Chapter position statement on intensive management of big game, originally adopted June 2013 and reaffirmed without text changes in September 2024.",position statements,,,,Alaska Chapter of the Wildlife Society Collection,Text,application/vnd.openxmlformats-officedocument.wordprocessingml.document,eng,"In copyright, educational use permitted. Educational use includes non-commercial reproduction of text and images in materials for teaching and research purposes. For other contexts beyond fair use, including digital reproduction, please contact the Alaska Chapter of The Wildlife Society at twsalaska@gmail.com. The Alaska Chapter of The Wildlife Society is not liable for any violations of the law by users.",http://rightsstatements.org/vocab/InC-NC/1.0/,,ak_tws_2024_intensive_management_position_statement,/objects/ak_tws_2024_intensive_management_position_statement.docx,/objects/small/ak_tws_2024_intensive_management_position_statement_sm.jpg,/objects/thumbs/ak_tws_2024_intensive_management_position_statement_th.jpg,position statement document,
aktws0253,Mulchatna Caribou Herd Press Coverage Compilation,AKTWS,2024-11-14,"A compiled and annotated list of news coverage and agency announcements about the Mulchatna Caribou Herd predator control program, assembled as background for the Chapter's response.",reference materials,,,,Alaska Chapter of the Wildlife Society Collection,Text,application/vnd.openxmlformats-officedocument.wordprocessingml.document,eng,"In copyright, educational use permitted. Educational use includes non-commercial reproduction of text and images in materials for teaching and research purposes. For other contexts beyond fair use, including digital reproduction, please contact the Alaska Chapter of The Wildlife Society at twsalaska@gmail.com. The Alaska Chapter of The Wildlife Society is not liable for any violations of the law by users.",http://rightsstatements.org/vocab/InC-NC/1.0/,,2024_11_14_mulchatna_press_coverage_updated_1,/objects/2024_11_14_mulchatna_press_coverage_updated_1.docx,/objects/small/2024_11_14_mulchatna_press_coverage_updated_1_sm.jpg,/objects/thumbs/2024_11_14_mulchatna_press_coverage_updated_1_th.jpg,list of news article links,
aktws0254,Response to the Alaska Board of Game on the Mulchatna Caribou Herd Predator Control Program for Bears,AKTWS,2024-12-01,An internal working draft of the Alaska Chapter's professional assessment addressed to the Alaska Board of Game concerning the Mulchatna Caribou Herd predator control program for bears.,position statements; Alaska Board of Game,"Juneau, Alaska",58.3019,-134.4197,Alaska Chapter of the Wildlife Society Collection,Text,application/vnd.openxmlformats-officedocument.wordprocessingml.document,eng,"In copyright, educational use permitted. Educational use includes non-commercial reproduction of text and images in materials for teaching and research purposes. For other contexts beyond fair use, including digital reproduction, please contact the Alaska Chapter of The Wildlife Society at twsalaska@gmail.com. The Alaska Chapter of The Wildlife Society is not liable for any violations of the law by users.",http://rightsstatements.org/vocab/InC-NC/1.0/,,2024_mch_im_comments,/objects/2024_mch_im_comments.docx,/objects/small/2024_mch_im_comments_sm.jpg,/objects/thumbs/2024_mch_im_comments_th.jpg,draft comment letter,
aktws0255,"Comments to the Alaska Board of Game on Proposal 101, Intensive Management of Dall Sheep","Mollnow, Ryan",2025-03-07,"A letter from Chapter President Ryan Mollnow to Board of Game Chair Jake Fletcher opposing an intensive management designation for Dall sheep, arguing that the amount reasonably necessary for subsistence is very small, that the conservative full-curl harvest strategy is not managed for maximum sustained yield, and that winter weather rather than predation is the primary regulating factor.",correspondence; Alaska Board of Game,"Juneau, Alaska",58.3019,-134.4197,Alaska Chapter of the Wildlife Society Collection,Text,application/pdf,eng,"In copyright, educational use permitted. Educational use includes non-commercial reproduction of text and images in materials for teaching and research purposes. For other contexts beyond fair use, including digital reproduction, please contact the Alaska Chapter of The Wildlife Society at twsalaska@gmail.com. The Alaska Chapter of The Wildlife Society is not liable for any violations of the law by users.",http://rightsstatements.org/vocab/InC-NC/1.0/,,ak_tws_bog_proposal101_commentletter,/objects/ak_tws_bog_proposal101_commentletter.pdf,/objects/small/ak_tws_bog_proposal101_commentletter_sm.jpg,/objects/thumbs/ak_tws_bog_proposal101_commentletter_th.jpg,comment letter on chapter letterhead,
aktws0256,"Comments to the Alaska Board of Game on Proposal 147, Importation of Exotic Species","Mollnow, Ryan",2025-03-07,"A letter from Chapter President Ryan Mollnow urging the Board of Game not to shorten the scientific and public review process for adding species to the exotic species clean list, citing disease transmission risk and the costs of feral swine in North America, and asking that the public be notified when the commissioner receives an importation request.",correspondence; Alaska Board of Game,"Juneau, Alaska",58.3019,-134.4197,Alaska Chapter of the Wildlife Society Collection,Text,application/pdf,eng,"In copyright, educational use permitted. Educational use includes non-commercial reproduction of text and images in materials for teaching and research purposes. For other contexts beyond fair use, including digital reproduction, please contact the Alaska Chapter of The Wildlife Society at twsalaska@gmail.com. The Alaska Chapter of The Wildlife Society is not liable for any violations of the law by users.",http://rightsstatements.org/vocab/InC-NC/1.0/,,ak_tws_bog_proposal147_commentletter,/objects/ak_tws_bog_proposal147_commentletter.pdf,/objects/small/ak_tws_bog_proposal147_commentletter_sm.jpg,/objects/thumbs/ak_tws_bog_proposal147_commentletter_th.jpg,comment letter on chapter letterhead,
aktws0257,"Concerns to the Alaska Board of Game Regarding the Timing of RC009, Mulchatna Caribou Herd Intensive Management","Mollnow, Ryan",2025-03-24,"A letter from Chapter President Ryan Mollnow asking the Board of Game to defer its decision on RC009, a petition for intensive management of the Mulchatna Caribou Herd, on the grounds that the speed of consideration leaves insufficient time for meaningful scientific review and public comment.",correspondence; Alaska Board of Game,"Juneau, Alaska",58.3019,-134.4197,Alaska Chapter of the Wildlife Society Collection,Text,application/pdf,eng,"In copyright, educational use permitted. Educational use includes non-commercial reproduction of text and images in materials for teaching and research purposes. For other contexts beyond fair use, including digital reproduction, please contact the Alaska Chapter of The Wildlife Society at twsalaska@gmail.com. The Alaska Chapter of The Wildlife Society is not liable for any violations of the law by users.",http://rightsstatements.org/vocab/InC-NC/1.0/,,ak_tws_2025_comment_letter_on_bog_proposal_rc009_final_2025_03_24,/objects/ak_tws_2025_comment_letter_on_bog_proposal_rc009_final_2025_03_24.pdf,/objects/small/ak_tws_2025_comment_letter_on_bog_proposal_rc009_final_2025_03_24_sm.jpg,/objects/thumbs/ak_tws_2025_comment_letter_on_bog_proposal_rc009_final_2025_03_24_th.jpg,comment letter on chapter letterhead,
aktws0258,Comments on the National Petroleum Reserve-Alaska Draft Integrated Activity Plan Environmental Assessment,"Lewis, Alex",2025-07-01,"A letter from President-Elect Alex Lewis to Carrie Cecil of the Bureau of Land Management commenting on the draft Environmental Assessment for the National Petroleum Reserve-Alaska Integrated Activity Plan, addressing Special Areas, molting brant, caribou, shorebirds, and the plan's required operating procedures.",position statements; Bureau of Land Management,"Anchorage, Alaska",61.2181,-149.9003,Alaska Chapter of the Wildlife Society Collection,Text,application/pdf,eng,"In copyright, educational use permitted. Educational use includes non-commercial reproduction of text and images in materials for teaching and research purposes. For other contexts beyond fair use, including digital reproduction, please contact the Alaska Chapter of The Wildlife Society at twsalaska@gmail.com. The Alaska Chapter of The Wildlife Society is not liable for any violations of the law by users.",http://rightsstatements.org/vocab/InC-NC/1.0/,,ak_tws_comments_iap_draft_ea_2025_07_01,/objects/ak_tws_comments_iap_draft_ea_2025_07_01.pdf,/objects/small/ak_tws_comments_iap_draft_ea_2025_07_01_sm.jpg,/objects/thumbs/ak_tws_comments_iap_draft_ea_2025_07_01_th.jpg,comment letter on chapter letterhead,
aktws0259,Letter to the TWS Council Supporting Voting Rights for the Student Liaison,"Mollnow, Ryan",2026-02-27,"A letter of concurrence from the Alaska Chapter supporting the Student Development Working Group's recommendation that the Student Liaison to the TWS Council be granted full voting rights, noting that students comprise nearly one third of Society membership and that the request has been raised nearly every year since the position was created in 2009.",correspondence; The Wildlife Society,,,,Alaska Chapter of the Wildlife Society Collection,Text,application/pdf,eng,"In copyright, educational use permitted. Educational use includes non-commercial reproduction of text and images in materials for teaching and research purposes. For other contexts beyond fair use, including digital reproduction, please contact the Alaska Chapter of The Wildlife Society at twsalaska@gmail.com. The Alaska Chapter of The Wildlife Society is not liable for any violations of the law by users.",http://rightsstatements.org/vocab/InC-NC/1.0/,,akchapter_sdwg_lettertocouncil,/objects/akchapter_sdwg_lettertocouncil.pdf,/objects/small/akchapter_sdwg_lettertocouncil_sm.jpg,/objects/thumbs/akchapter_sdwg_lettertocouncil_th.jpg,letter on chapter letterhead,
aktws0260,Scoping Comments on the Tongass Land Management Plan Revision,"Mollnow, Ryan",2026-03-20,"Scoping comments from the Alaska Chapter to Tongass National Forest Supervisor Monique Nelson on the revision of the Tongass Land and Resource Management Plan. Overarching comments note that climate change is absent from the preliminary focus goals, call for review of the old-growth conservation strategy, and treat ecological sustainability as a substantive issue; the letter also responds to the Forest Service goals on prosperity, recreation, shared stewardship, subsistence uses, and indigenous knowledge, and recommends a thorough science review of key wildlife species and their habitats.",correspondence; USDA Forest Service,"Ketchikan, Alaska",55.3422,-131.6461,Alaska Chapter of the Wildlife Society Collection,Text,application/pdf,eng,"In copyright, educational use permitted. Educational use includes non-commercial reproduction of text and images in materials for teaching and research purposes. For other contexts beyond fair use, including digital reproduction, please contact the Alaska Chapter of The Wildlife Society at twsalaska@gmail.com. The Alaska Chapter of The Wildlife Society is not liable for any violations of the law by users.",http://rightsstatements.org/vocab/InC-NC/1.0/,,akchapter_scoping_comments_tongass_forest_plan_march_2026,/objects/akchapter_scoping_comments_tongass_forest_plan_march_2026.pdf,/objects/small/akchapter_scoping_comments_tongass_forest_plan_march_2026_sm.jpg,/objects/thumbs/akchapter_scoping_comments_tongass_forest_plan_march_2026_th.jpg,scoping comment letter on chapter letterhead,
